 DIVIPOLA,"HOMICIDIOS EN COLOMBIA AÑO 2020

CASOS Y TASAS X 100.00 HABITANTES",VIOLENTA - HOMICIDIO (CASOS),VIOLENTA - HOMICIDIO (CASOS).1,VIOLENTA - HOMICIDIO (CASOS).2,VIOLENTA - HOMICIDIO (CASOS).3,VIOLENTA - HOMICIDIO (CASOS).4,VIOLENTA - HOMICIDIO (CASOS).5,VIOLENTA - HOMICIDIO (CASOS).6,VIOLENTA - HOMICIDIO (CASOS).7,VIOLENTA - HOMICIDIO (CASOS).8,VIOLENTA - HOMICIDIO (CASOS).9,VIOLENTA - HOMICIDIO (TASAS),VIOLENTA - HOMICIDIO (TASAS).1,VIOLENTA - HOMICIDIO (TASAS).2,VIOLENTA - HOMICIDIO (TASAS).3,VIOLENTA - HOMICIDIO (TASAS).4,VIOLENTA - HOMICIDIO (TASAS).5,VIOLENTA - HOMICIDIO (TASAS).6,VIOLENTA - HOMICIDIO (TASAS).7,VIOLENTA - HOMICIDIO (TASAS).8,VIOLENTA - HOMICIDIO (TASAS).9
CÓDIGOS,SEXO,Hombre,Hombre,HOMBRE,Mujer,Mujer,MUJER,Indeterminado,Indeterminado,INDETERMINADO,TOTAL,Hombre (Tasa x 100.000 Hab.),Hombre (Tasa x 100.000 Hab.),HOMBRE (TASA X 100.000 HAB.),Mujer (Tasa x 100.000 Hab.),Mujer (Tasa x 100.000 Hab.),MUJER (TASA X 100.000 HAB.),Indeterminado (Tasa x 100.000 Hab.),Indeterminado (Tasa x 100.000 Hab.),INDETERMINADO (TASA X 100.000 HAB.),TOTAL
N°,DEPARTAMENTO Y MUNICIPIO DEL HECHO DANE / MAYOR DE EDAD (> 18 AÑOS) O MENOR DE EDAD (< 18 AÑOS),Menores de Edad (<18 años),Mayores de Edad (>18 años),TOTAL,Menores de Edad (<18 años),Mayores de Edad (>18 años),TOTAL,Menores de Edad (<18 años),Mayores de Edad (>18 años),TOTAL,,Menores de Edad (<18 años),Mayores de Edad (>18 años),TOTAL,Menores de Edad (<18 años),Mayores de Edad (>18 años),TOTAL,Menores de Edad (<18 años),Mayores de Edad (>18 años),TOTAL,(TASA X 100.000 HAB.)
91,Amazonas,-,11,11,-,2,2,-,-,-,13,0,46.545085262133455,26.80638479346899,0,9.263977025336978,5.2652362774779515,-,-,-,16.45153125790939
91405,La Chorrera,-,1,1,-,-,-,-,-,-,1,0,128.53470437017995,60.49606775559589,0,0,0,-,-,-,33.840947546531304
91001,Leticia,-,10,10,-,2,2,-,-,-,12,0,65.54368486596316,39.237228282194145,0,13.75232070411882,8.247082594532184,-,-,-,24.126907533626877
5,Antioquia,96,1607,1703,17,119,136,-,1,1,1840,10.939323220536757,68.37000296964916,52.75689634555488,2.024554270559051,4.558993956459692,3.942124967680373,-,-,-,27.553448448845675
5002,Abejorral,-,4,4,-,1,1,-,-,-,5,0,51.43371480005143,37.885963250615646,0,13.917884481558804,10.278548668927948,-,-,-,24.646325232907778
5030,Amagá,1,17,18,-,-,-,-,-,-,18,25.393600812595224,148.54945823138763,117.01989338187492,0,0,0,-,-,-,57.539238564076335
5031,Amalfi,-,5,5,-,1,1,-,-,-,6,0,54.46623093681918,36.83783982907242,0,10.755001075500108,7.408504963698325,-,-,-,22.163939270806395
5034,Andes,3,36,39,1,1,2,-,-,-,41,48.72502842293324,214.96387412670924,170.27593433461405,17.89869339538214,6.366182836771071,9.39187602723644,-,-,-,92.76227968958574
5036,Angelópolis,-,5,5,-,1,1,-,-,-,6,0,234.192037470726,170.29972752043597,0,46.18937644341801,34.42340791738383,-,-,-,102.7221366204417
5038,Angostura,-,7,7,-,-,-,-,-,-,7,0,177.9359430604982,120.06861063464838,0,0,0,-,-,-,60.679611650485434
5040,Anorí,1,18,19,-,1,1,-,-,-,20,28.264556246466928,278.89680818097304,190.15212169735787,0,17.382235355466715,10.974539069359087,-,-,-,104.69011725293132
5044,Anzá,-,2,2,-,-,-,-,-,-,2,0,80.38585209003216,54.06866720735334,0,0,0,-,-,-,27.897893709024967
5045,Apartadó,1,11,12,-,2,2,-,-,-,14,4.586735161911751,27.04829349857382,19.209220425804386,0,4.497919712133138,3.064007108496492,-,-,-,10.95941883767535
5051,Arboletes,-,1,1,-,-,-,-,-,-,1,0,10.787486515641856,6.545359340227778,0,0,0,-,-,-,3.2776138970829236
5055,Argelia,-,2,2,-,-,-,-,-,-,2,0,79.05138339920948,51.4668039114771,0,0,0,-,-,-,26.50762094102054
5059,Armenia,-,1,1,-,-,-,-,-,-,1,0,51.5729757607014,39.55696202531645,0,0,0,-,-,-,19.708316909735906
5079,Barbosa,2,28,30,-,1,1,-,-,-,31,30.326004548900684,137.24144691696893,111.123458162018,0,4.770992366412214,3.656307129798903,-,-,-,57.04086702117872
5088,Bello,5,93,98,1,14,15,-,-,-,113,7.426661715558857,46.75998551948836,36.81262748250461,1.5394325651564833,6.335357630938266,5.245837428000881,-,-,-,20.46530496926582
5086,Belmira,1,-,1,-,-,-,-,-,-,1,100,0,32.39390994493035,0,0,0,-,-,-,16.350555918901243
5091,Betania,1,36,37,-,2,2,-,-,-,39,62.38303181534623,963.3395772009633,692.8838951310861,0,58.78894767783657,40.45307443365696,-,-,-,379.2298716452742
5093,Betulia,-,15,15,-,1,1,-,-,-,16,0,275.8367046708349,184.5926655180901,0,18.98614011771407,12.87001287001287,-,-,-,100.65425264217413
5107,Briceño,-,3,3,-,-,-,-,-,-,3,0,111.89854531891085,70.6880301602262,0,0,0,-,-,-,36.94581280788178
5113,Buriticá,-,2,2,-,-,-,-,-,-,2,0,58.496636443404505,39.880358923230304,0,0,0,-,-,-,20.759809009757113
5120,Cáceres,2,55,57,2,3,5,-,-,-,62,29.976019184652277,601.9481230163074,360.5541147447656,33.61909564632712,34.89183531053733,34.3713480442703,-,-,-,204.24298326525235
5129,Caldas,-,16,16,-,-,-,-,-,-,16,0,51.53642981382465,40.130423877602205,0,0,0,-,-,-,19.17936300540618
5134,Campamento,1,3,4,-,-,-,-,-,-,4,58.5480093676815,97.91122715404698,83.82229673093043,0,0,0,-,-,-,43.27599264308125
5138,Cañasgordas,-,7,7,-,1,1,-,-,-,8,0,127.59752096244986,89.29710422247736,0,18.66368047779022,12.96512381693245,-,-,-,51.440329218107
5147,Carepa,1,8,9,-,-,-,-,-,-,9,10.538518284329223,50.12217279619072,35.36345776031434,0,0,0,-,-,-,17.597716207496628
5154,Caucasia,5,67,72,3,8,11,-,-,-,83,29.20560747663551,229.13033070004448,155.302948599038,18.04294220244181,24.66167267794938,22.418782863897608,-,-,-,86.9774801680866
5172,Chigorodó,3,28,31,-,2,2,-,-,-,33,27.097823141540964,157.3298870596168,107.3853401690453,0,9.818842358485934,6.458279514337381,-,-,-,55.15074537067986
5190,Cisneros,-,1,1,-,-,-,-,-,-,1,0,28.71912693854107,21.114864864864867,0,0,0,-,-,-,10.064412238325282
5101,Ciudad Bolívar,4,35,39,1,5,6,-,-,-,45,106.49627263045794,372.4989357173265,296.53284671532845,28.843380444188057,51.57829585310501,45.589240939138364,-,-,-,171.01812792155968
5197,Cocorná,-,3,3,-,-,-,-,-,-,3,0,59.60659646334195,41.135335252982316,0,0,0,-,-,-,20.225173599406727
5206,Concepción,-,2,2,-,-,-,-,-,-,2,0,113.18619128466328,81.36696501220504,0,0,0,-,-,-,42.034468263976464
5209,Concordia,1,9,10,-,-,-,-,-,-,10,31.94888178913738,116.74665974834609,92.25943352707814,0,0,0,-,-,-,46.108447067502766
5212,Copacabana,-,17,17,-,2,2,-,-,-,19,0,55.24861878453039,42.804985521843136,0,5.962673662870431,4.750029687685548,-,-,-,23.221706184307017
5234,Dabeiba,-,15,15,-,-,-,-,-,-,15,0,218.6588921282799,125.92343854936198,0,0,0,-,-,-,63.80535114211579
5237,Donmatías,-,2,2,-,-,-,-,-,-,2,0,31.481189988981583,21.732043898728676,0,0,0,-,-,-,10.147648282510529
5240,Ebéjico,-,5,5,-,1,1,-,-,-,6,0,106.22477161674102,81.02414519526819,0,21.968365553602812,16.77008217340265,-,-,-,49.447832536673815
5250,El Bagre,1,13,14,-,1,1,-,-,-,15,9.075233687267447,83.0140485312899,52.47572997488662,0,6.076441635778088,3.68093643022785,-,-,-,27.857222449207
5148,El Carmen de Viboral,-,21,21,-,1,1,-,-,-,22,0,95.35485628660946,67.95236862542066,0,4.347448047995827,3.156864602077217,-,-,-,35.15443984595964
5697,El Santuario,-,6,6,-,-,-,-,-,-,6,0,52.52100840336134,34.48870494912916,0,0,0,-,-,-,16.391203387515365
5266,Envigado,-,5,5,-,2,2,-,-,-,7,0,5.552532510077847,4.484224498215278,0,1.810561002326571,1.5302804238876775,-,-,-,2.8902092098580905
5282,Fredonia,1,5,6,-,1,1,-,-,-,7,35.05082369435682,52.14308061320263,48.223758238225365,0,10.583130489998942,8.122157244964262,-,-,-,28.27825805930355
5284,Frontino,-,6,6,1,-,1,-,-,-,7,0,93.61834919644251,57.954216169226314,26.867275658248257,0,9.664637092877163,-,-,-,33.81642512077295
5306,Giraldo,-,1,1,-,-,-,-,-,-,1,0,50.175614651279474,33.97893306150187,0,0,0,-,-,-,17.39130434782609
5308,Girardota,-,12,12,-,-,-,-,-,-,12,0,59.532668551867836,44.965713643346945,0,0,0,-,-,-,22.04302062859347
5310,Gómez Plata,-,3,3,-,-,-,-,-,-,3,0,82.14676889375684,60.679611650485434,0,0,0,-,-,-,30.23888720895071
5315,Guadalupe,-,1,1,-,-,-,-,-,-,1,0,42.22972972972973,29.481132075471695,0,0,0,-,-,-,15.003750937734434
5318,Guarne,-,9,9,-,-,-,-,-,-,9,0,41.68403501458941,31.19908482684508,0,0,0,-,-,-,15.47481903058856
5321,Guatapé,-,3,3,-,-,-,-,-,-,3,0,94.5179584120983,70.45561296383278,0,0,0,-,-,-,34.44712366517396
5347,Heliconia,-,5,5,-,-,-,-,-,-,5,0,231.37436372049976,177.61989342806396,0,0,0,-,-,-,92.67840593141798
5353,Hispania,-,4,4,-,-,-,-,-,-,4,0,195.21717911176185,143.47202295552367,0,0,0,-,-,-,71.54355213736362
5360,Itagüí,3,40,43,-,2,2,-,-,-,45,9.652820232311207,37.362575775974,31.128291997857215,0,1.6354968230474214,1.317037193130334,-,-,-,15.517562432326185
5361,Ituango,3,43,46,-,3,3,-,-,-,49,73.87343018960847,332.5599381283836,270.7315637690542,0,42.631803325280664,27.782922763474716,-,-,-,176.3287631796754
5364,Jardín,-,5,5,-,1,1,-,-,-,6,0,92.04712812960236,67.74149844194554,0,17.65536723163842,13.424620754463685,-,-,-,40.45853000674309
5368,Jericó,-,4,4,-,1,1,-,-,-,5,0,77.02676680146351,58.771672054069946,0,18.68460388639761,14.492753623188406,-,-,-,36.480373559025246
5376,La Ceja,1,3,4,-,-,-,-,-,-,4,12.177301509985387,12.057393191591979,12.087148339527998,0,0,0,-,-,-,5.854372484449323
5380,La Estrella,-,10,10,1,1,2,-,-,-,12,0,35.486160397445,27.335101003198204,12.733987011333248,3.2173996975644283,5.136898340781836,-,-,-,15.890461750334362
5390,La Pintada,-,4,4,-,-,-,-,-,-,4,0,130.4631441617743,93.89671361502347,0,0,0,-,-,-,47.28132387706856
5400,La Unión,-,1,1,-,-,-,-,-,-,1,0,12.682308180088777,9.047317470370036,0,0,0,-,-,-,4.466080121477379
5411,Liborina,1,1,2,-,-,-,-,-,-,2,65.48788474132286,27.307482250136534,38.54307188282906,0,0,0,-,-,-,19.821605550049554
5425,Maceo,-,3,3,-,1,1,-,-,-,4,0,107.10460549803642,73.117231294175,0,34.940600978336825,24.125452352231605,-,-,-,48.49660523763337
5440,Marinilla,-,7,7,-,-,-,-,-,-,7,0,29.52340784479123,20.968756552736423,0,0,0,-,-,-,10.310341272296114
5001,Medellín,21,315,336,1,30,31,-,1,1,368,7.276154309908737,34.79982368089335,28.14563018149743,0.3579572097951411,2.8294679657068484,2.3140666137666064,-,-,-,14.525795918882904
5475,Murindó,-,3,3,-,-,-,-,-,-,3,0,243.7043054427295,113.25028312570782,0,0,0,-,-,-,57.31753916698509
5480,Mutatá,-,7,7,-,1,1,-,-,-,8,0,166.98473282442748,96.07466373867692,0,24.06159769008662,14.078558355624384,-,-,-,55.598026270067415
5483,Nariño,-,1,1,-,-,-,-,-,-,1,0,29.342723004694836,19.67342120794806,0,0,0,-,-,-,10.053282396702523
5495,Nechí,-,8,8,-,2,2,-,-,-,10,0,95.29481834425253,56.74563767910342,0,25.833118057349523,15.087507543753771,-,-,-,36.55772464721796
5490,Necoclí,-,4,4,-,-,-,-,-,-,4,0,32.113037893384714,18.36800293888047,0,0,0,-,-,-,9.066594133913595
5501,Olaya,-,2,2,-,-,-,-,-,-,2,0,176.05633802816902,124.84394506866417,0,0,0,-,-,-,62.99212598425196
5541,Peñol,-,7,7,-,-,-,-,-,-,7,0,90.65009065009065,65.8080285794867,0,0,0,-,-,-,32.15581790619689
5543,Peque,-,2,2,-,-,-,-,-,-,2,0,71.78750897343862,45.72473708276177,0,0,0,-,-,-,24.140012070006033
5576,Pueblorrico,-,3,3,-,-,-,-,-,-,3,0,96.86793671294801,68.7757909215956,0,0,0,-,-,-,34.344590726960504
5579,Puerto Berrío,4,28,32,-,-,-,-,-,-,32,67.93478260869566,193.1434089811685,156.97817022320334,0,0,0,-,-,-,78.59897330091125
5585,Puerto Nare,-,2,2,-,-,-,-,-,-,2,0,39.61965134706815,27.72771384999307,0,0,0,-,-,-,13.850415512465375
5591,Puerto Triunfo,1,8,9,-,-,-,-,-,-,9,34.21142661648991,106.96617194812141,86.52182272639878,0,0,0,-,-,-,47.44333157617291
5604,Remedios,2,26,28,-,1,1,-,-,-,29,36.25815808556926,279.72027972027973,189.04868003510904,0,10.372368011617052,6.748549061951681,-,-,-,97.87707988794762
5607,Retiro,-,1,1,-,-,-,-,-,-,1,0,10.897994768962512,8.265829062654984,0,0,0,-,-,-,4.03926162297532
5615,Rionegro,-,16,16,1,2,3,-,-,-,19,0,29.89369056293556,22.822257406535726,6.4053292339226235,3.491863956980236,4.115903852486006,-,-,-,13.287177873352215
5628,Sabanalarga,-,3,3,-,-,-,-,-,-,3,0,94.48818897637796,61.766522544780734,0,0,0,-,-,-,32.33455486096141
5631,Sabaneta,-,1,1,-,-,-,-,-,-,1,0,3.082234003205523,2.4421217153462926,0,0,0,-,-,-,1.1366090405883087
5642,Salgar,2,14,16,1,2,3,-,-,-,19,76.65772326561901,213.41463414634148,174.50103609990185,38.02281368821293,30.950170225936244,32.99604047514298,-,-,-,104.04687585564864
5647,San Andrés de Cuerquía,-,4,4,-,-,-,-,-,-,4,0,165.01650165016503,107.09504685408301,0,0,0,-,-,-,54.93750858398572
5649,San Carlos,-,8,8,-,-,-,-,-,-,8,0,142.50089063056643,99.3418601763318,0,0,0,-,-,-,50.59768515590412
5652,San Francisco,-,4,4,-,-,-,-,-,-,4,0,211.864406779661,135.96193065941534,0,0,0,-,-,-,67.92324673119376
5656,San Jerónimo,-,3,3,-,-,-,-,-,-,3,0,51.95704883962591,38.04692454026633,0,0,0,-,-,-,18.73009926952613
5659,San Juan de Urabá,-,1,1,-,-,-,-,-,-,1,0,17.16738197424893,9.689922480620154,0,0,0,-,-,-,4.773269689737471
5660,San Luis,-,7,7,-,-,-,-,-,-,7,0,169.40948693126813,108.45986984815619,0,0,0,-,-,-,53.34146155604664
5664,San Pedro de los Milagros,1,7,8,-,1,1,-,-,-,9,30.75030750307503,89.90495761623426,72.47689798876608,0,11.583458820803893,8.440955516164431,-,-,-,39.32707013327507
5667,San Rafael,-,6,6,-,1,1,-,-,-,7,0,108.51871947911015,76.58922644881287,0,17.28907330567082,12.773023374632777,-,-,-,44.69131073229905
5670,San Roque,-,5,5,1,3,4,-,-,-,9,0,65.20605112154408,45.77497024626934,31.5357931251971,39.98400639744102,37.474236462432074,-,-,-,41.67245450757049
5674,San Vicente Ferrer,-,4,4,-,-,-,-,-,-,4,0,47.33167672464797,34.27298432010967,0,0,0,-,-,-,17.802305398549112
5679,Santa Bárbara,-,9,9,-,-,-,-,-,-,9,0,88.93280632411067,66.730926076963,0,0,0,-,-,-,33.10527477378062
5042,Santa Fé de Antioquia,-,6,6,-,1,1,-,-,-,7,0,62.98551333193366,44.76275738585497,0,10.06137438374082,7.354022650389763,-,-,-,25.92400562921265
5686,Santa Rosa de Osos,-,7,7,-,-,-,-,-,-,7,0,53.69745320650506,37.182619781153726,0,0,0,-,-,-,18.484776466238877
5690,Santo Domingo,-,4,4,-,-,-,-,-,-,4,0,85.19701810436634,62.676277029144465,0,0,0,-,-,-,32.45699448231094
5736,Segovia,3,51,54,-,2,2,-,-,-,56,43.6808386721025,398.7802017358668,274.7112987739737,0,15.078407720144751,10.140959334753067,-,-,-,142.2077757180223
5756,Sonsón,1,13,14,-,-,-,-,-,-,14,18.34862385321101,100.20812456640715,75.99196656353472,0,0,0,-,-,-,38.225255972696246
5761,Sopetrán,-,4,4,-,-,-,-,-,-,4,0,69.3721817551162,51.50656708730364,0,0,0,-,-,-,25.7864878803507
5789,Támesis,-,3,3,-,-,-,-,-,-,3,0,48.63813229571984,36.79175864606328,0,0,0,-,-,-,18.51737547064996
5790,Tarazá,3,59,62,-,5,5,-,-,-,67,52.863436123348016,721.9774840920215,447.7504152524013,0,57.44485294117647,35.34068419564603,-,-,-,239.32845150919806
5792,Tarso,-,3,3,-,-,-,-,-,-,3,0,132.5088339222615,96.46302250803858,0,0,0,-,-,-,48.146364949446316
5809,Titiribí,-,1,1,-,-,-,-,-,-,1,0,24.69745616201531,18.975332068311197,0,0,0,-,-,-,9.329228472805298
5819,Toledo,-,3,3,-,-,-,-,-,-,3,0,171.0376282782212,112.40164855751217,0,0,0,-,-,-,59.488399762046406
5837,Turbo,6,48,54,1,1,2,-,-,-,56,22.79981760145919,132.30794674605144,86.2688713156003,3.9257252777450637,2.373999952520001,2.958754955914551,-,-,-,43.01372598720342
5842,Uramita,-,5,5,-,-,-,-,-,-,5,0,216.16947686986597,140.92446448703495,0,0,0,-,-,-,72.47427163357008
5847,Urrao,2,26,28,1,2,3,-,-,-,31,37.32736095558044,259.5069368200419,182.09013461663523,19.23076923076923,19.41936110301971,19.356087489515453,-,-,-,100.4016064257028
5854,Valdivia,1,7,8,-,-,-,-,-,-,8,37.07823507601038,161.06764841233317,113.58795967627432,0,0,0,-,-,-,56.72954190894909
5856,Valparaíso,-,3,3,-,-,-,-,-,-,3,0,122.59910093992644,91.40767824497257,0,0,0,-,-,-,46.35352286773795
5858,Vegachí,1,4,5,1,-,1,-,-,-,6,50.05005005005005,100.90817356205852,83.86447500838644,56.561085972850684,0,16.45548790521639,-,-,-,49.838026414154
5861,Venecia,1,8,9,-,-,-,-,-,-,9,76.21951219512195,181.90086402910413,157.61821366024517,0,0,0,-,-,-,76.82458386683739
5885,Yalí,-,8,8,-,-,-,-,-,-,8,0,290.06526468455405,201.5621063240111,0,0,0,-,-,-,104.15310506444473
5887,Yarumal,4,33,37,-,1,1,-,-,-,38,60.53268765133172,233.18258903335217,178.22736030828517,0,6.501950585175552,4.562460078474313,-,-,-,89.03884905571958
5890,Yolombó,1,9,10,-,2,2,-,-,-,12,27.54820936639118,107.7070368597415,83.43066911396629,0,24.49479485609308,17.368649587494573,-,-,-,51.06165695076806
5893,Yondó,-,9,9,-,1,1,-,-,-,10,0,139.44840409048652,87.20930232558139,0,16.57550140891762,10.21450459652707,-,-,-,49.72650422675286
5895,Zaragoza,-,10,10,-,-,-,-,-,-,10,0,134.9345567399811,78.05182641273805,0,0,0,-,-,-,38.90596428432478
81,Arauca,3,84,87,-,9,9,-,-,-,96,5.775895263765884,87.79998327619366,58.93829769937403,0,9.315323707498836,6.139405432691651,-,-,-,32.63019788855428
81001,Arauca,-,23,23,-,2,2,-,-,-,25,0,70.75834487002,47.82003035532362,0,5.966943135031923,4.105343104049921,-,-,-,25.82271159129878
81065,Arauquita,-,12,12,-,1,1,-,-,-,13,0,65.27770222488168,40.99480732440558,0,5.884776084269993,3.7123658907821957,-,-,-,23.127968830614314
81220,Cravo Norte,-,1,1,-,-,-,-,-,-,1,0,68.63417982155113,46.25346901017576,0,0,0,-,-,-,24.137098720733768
81300,Fortul,-,7,7,-,1,1,-,-,-,8,0,112.01792286765883,69.62403023672171,0,15.928639694170117,9.906875371507827,-,-,-,39.70617431010522
81591,Puerto Rondón,-,1,1,-,-,-,-,-,-,1,0,58.78894767783657,39.33910306845004,0,0,0,-,-,-,20.329335230737954
81736,Saravena,2,24,26,-,4,4,-,-,-,30,18.38573267144696,120.090067550663,84.2432686388232,0,18.798759281887396,12.445163498335459,-,-,-,47.616024379404486
81794,Tame,1,16,17,-,1,1,-,-,-,18,10.834236186348862,103.95010395010395,69.04394443993176,0,6.4053292339226235,4.107282211360743,-,-,-,36.75794890645102
88,"Archipiélago de San Andrés, Providencia y Santa Catalina",1,36,37,1,-,1,-,-,-,38,11.54068090017311,163.09518416164545,120.37217776042684,11.961722488038278,0,3.034532985373551,-,-,-,59.66212397161338
88001,San Andrés,1,36,37,1,-,1,-,-,-,38,12.87001287001287,180.69567836169253,133.6077709168382,13.368983957219251,0,3.3624747814391394,-,-,-,66.1640520258388
8,Atlántico,16,477,493,6,32,38,-,-,-,531,3.8558583743219113,52.35814728994449,37.17987972723694,1.4954016399571317,3.2163648644302207,2.721786179342789,-,-,-,19.506797623036096
8078,Baranoa,-,2,2,-,1,1,-,-,-,3,0,8.65313892614546,5.978358342799067,0,4.225292601512654,2.976544826765091,-,-,-,4.47427293064877
8001,Barranquilla,12,274,286,4,15,19,-,-,-,305,6.684045184145445,63.55126313933962,46.83303857994367,2.2657369592677137,3.0799113806832064,2.863300028633,-,-,-,23.93564842063959
8137,Campo de la Cruz,-,1,1,-,-,-,-,-,-,1,0,13.180440226703572,8.491126772522714,0,0,0,-,-,-,4.24322145372767
8141,Candelaria,-,1,1,-,-,-,-,-,-,1,0,17.7999288002848,11.440338634023568,0,0,0,-,-,-,5.815644082582146
8296,Galapa,-,3,3,-,-,-,-,-,-,3,0,13.72369624885636,8.925649340989557,0,0,0,-,-,-,4.47620894943376
8372,Juan de Acosta,-,1,1,-,-,-,-,-,-,1,0,12.370113805047009,8.49689863199932,0,0,0,-,-,-,4.39521800281294
8421,Luruaco,-,3,3,-,-,-,-,-,-,3,0,30.469226081657528,19.846520243450648,0,0,0,-,-,-,9.896417496866134
8433,Malambo,1,28,29,-,2,2,-,-,-,31,4.264210481429363,61.1046854199856,41.86274792851575,0,4.221635883905013,2.845273999886189,-,-,-,22.2117134545663
8520,Palmar de Varela,-,2,2,-,-,-,-,-,-,2,0,18.64975755315181,12.855122766422419,0,0,0,-,-,-,6.443714156840002
8558,Polonuevo,-,3,3,-,-,-,-,-,-,3,0,44.91017964071856,30.376670716889425,0,0,0,-,-,-,15.349194167306216
8560,Ponedera,-,1,1,-,-,-,-,-,-,1,0,11.83011948420679,7.628346937218705,0,0,0,-,-,-,3.8868159203980097
8573,Puerto Colombia,-,9,9,-,1,1,-,-,-,10,0,49.30696323891963,34.478795540742446,0,4.981320049813201,3.6302911493501777,-,-,-,18.63967641521743
8606,Repelón,-,4,4,-,-,-,-,-,-,4,0,44.01892813909981,28.479886080455678,0,0,0,-,-,-,14.233862358550994
8634,Sabanagrande,-,2,2,-,-,-,-,-,-,2,0,16.836434043269637,11.452130096197893,0,0,0,-,-,-,5.700604264051989
8638,Sabanalarga,-,7,7,1,-,1,-,-,-,8,0,21.20633766548517,14.106930533443503,6.285750204286881,0,1.9830253034028715,-,-,-,7.99608191985927
8685,Santo Tomás,-,-,-,-,1,1,-,-,-,1,0,0,0,0,8.61178091629349,6.172839506172839,-,-,-,3.125
8758,Soledad,3,135,138,1,12,13,-,-,-,151,2.8337174594778403,61.83328829427149,42.56671098128607,0.9922406778988312,4.999125153098208,3.814285378963923,-,-,-,22.706049884139
8832,Tubará,-,1,1,-,-,-,-,-,-,1,0,14.520110352838682,10.273268954181221,0,0,0,-,-,-,5.306165764618487
11,"Bogotá, D.C.",35,910,945,9,86,95,-,-,-,1040,3.855835807494643,32.498572384141696,25.486550383269172,1.0269998254100297,2.721710196096055,2.3537474260533084,-,-,-,13.429830106192508
11001,"Bogotá, D.C.",35,910,945,9,86,95,-,-,-,1040,3.855835807494643,32.498572384141696,25.486550383269172,1.0269998254100297,2.721710196096055,2.3537474260533084,-,-,-,13.429830106192508
13,Bolívar,18,368,386,3,25,28,-,-,-,414,4.979611258347765,51.10749099716548,35.69034465222718,0.8724201808236227,3.3087164827020303,2.546725593045984,-,-,-,18.98232717829082
13006,Achí,-,1,1,-,-,-,-,-,-,1,0,11.764705882352942,7.598206823189727,0,0,0,-,-,-,4.016064257028113
13042,Arenal,-,2,2,-,1,1,-,-,-,3,0,80.06405124099278,49.75124378109452,0,42.462845010615716,26.631158455392807,-,-,-,38.58520900321543
13052,Arjona,-,14,14,1,1,2,-,-,-,16,0,57.84884922110657,38.42037377535058,8.340283569641368,3.952412948104818,5.363224370491539,-,-,-,21.700800217008002
13074,Barranco de Loba,1,2,3,-,1,1,-,-,-,4,32.50975292587776,42.58037044922291,38.595137012736394,0,22.670596236681025,13.49892008639309,-,-,-,26.34872538040972
13001,Cartagena de Indias,8,213,221,-,12,12,-,-,-,233,5.110776071346434,62.91779037446423,44.640242067267394,0,3.126881014360201,2.24859322386432,-,-,-,22.649153913151675
13188,Cicuco,-,1,1,-,-,-,-,-,-,1,0,22.588660492432798,13.83508577753182,0,0,0,-,-,-,6.9920290868410016
13222,Clemencia,-,5,5,-,-,-,-,-,-,5,0,100.1001001001001,63.97952655150352,0,0,0,-,-,-,32.35617679415
13212,Córdoba,-,1,1,-,-,-,-,-,-,1,0,16.929067208396816,11.428571428571429,0,0,0,-,-,-,6.070171178827243
13244,El Carmen de Bolívar,1,22,23,-,-,-,-,-,-,23,7.903888713246918,88.70967741935485,61.41194061732351,0,0,0,-,-,-,31.68262277016323
13300,Hatillo de Loba,-,2,2,-,-,-,-,-,-,2,0,48.50836769342712,30.066145520144318,0,0,0,-,-,-,15.37042729787888
13430,Magangué,3,15,18,1,-,1,-,-,-,19,12.191652781728777,32.92795363744128,25.655278573566513,4.345558838866679,0,1.4286734766769056,-,-,-,13.556322954422214
13433,Mahates,1,3,4,1,-,1,-,-,-,5,20.28809089064719,29.720626114523476,26.62584037808693,21.367521367521366,0,6.977393245883339,-,-,-,17.032873445750297
13442,María la Baja,-,10,10,-,-,-,-,-,-,10,0,65.91957811470006,40.92657771957109,0,0,0,-,-,-,20.636853292609942
13468,Mompós,1,4,5,-,-,-,-,-,-,5,12.08313194780087,27.151778441487917,21.731571627260085,0,0,0,-,-,-,10.774004481985864
13458,Montecristo,-,6,6,-,2,2,-,-,-,8,0,99.1899487518598,61.97066721751704,0,42.9000429000429,25.246149962130776,-,-,-,45.44421722335833
13473,Morales,-,1,1,-,-,-,-,-,-,1,0,12.674271229404308,8.069071249899137,0,0,0,-,-,-,4.283022100394039
13490,Norosí,-,5,5,-,-,-,-,-,-,5,0,153.37423312883436,94.44654325651682,0,0,0,-,-,-,50.236109715663616
13600,Río Viejo,1,1,2,-,-,-,-,-,-,2,51.22950819672131,26.838432635534083,35.22367030644593,0,0,0,-,-,-,18.628912071535023
13650,San Fernando,-,-,-,-,1,1,-,-,-,1,0,0,0,0,24.70355731225296,15.85288522511097,-,-,-,7.677543186180422
13655,San Jacinto del Cauca,-,1,1,-,-,-,-,-,-,1,0,27.31494127287626,17.72735330615139,0,0,0,-,-,-,9.39584703561026
13654,San Jacinto,-,4,4,-,-,-,-,-,-,4,0,46.52785855531,31.895383143290008,0,0,0,-,-,-,16.291951775822742
13657,San Juan Nepomuceno,-,2,2,-,-,-,-,-,-,2,0,14.500108750815631,10.164667615368977,0,0,0,-,-,-,5.190895169872045
13667,San Martín de Loba,-,3,3,-,1,1,-,-,-,4,0,63.43835906111228,38.4172109104879,0,22.527596305474205,14.108352144469524,-,-,-,26.85104383432906
13670,San Pablo,-,8,8,-,1,1,-,-,-,9,0,89.94827973915,54.99415687083248,0,11.507479861910241,7.045230379033395,-,-,-,31.31415051668348
13673,Santa Catalina,-,4,4,-,-,-,-,-,-,4,0,82.81573498964804,53.770668100551156,0,0,0,-,-,-,26.75943270002676
13688,Santa Rosa del Sur,-,5,5,-,1,1,-,-,-,6,0,45.11413877109086,28.170601160628767,0,9.571209800918837,5.94565669778227,-,-,-,17.357093265447812
13683,Santa Rosa,-,3,3,-,1,1,-,-,-,4,0,41.022836045398606,26.98327037236913,0,13.320900492873319,8.856611460455229,-,-,-,17.849970993797136
13744,Simití,-,8,8,-,-,-,-,-,-,8,0,123.38062924120914,79.48335817188276,0,0,0,-,-,-,41.79073290497832
13760,Soplaviento,-,1,1,-,-,-,-,-,-,1,0,26.624068157614484,18.77581674802854,0,0,0,-,-,-,9.225943352707814
13780,Talaigua Nuevo,-,2,2,-,1,1,-,-,-,3,0,47.89272030651341,30.175015087507543,0,24.49779519843214,15.260186174271325,-,-,-,22.760033381382293
13810,Tiquisio,-,3,3,-,-,-,-,-,-,3,0,51.93006750908776,29.997000299970004,0,0,0,-,-,-,15.761269307554903
13836,Turbaco,1,8,9,-,2,2,-,-,-,11,5.60695262125035,20.977003959409497,16.07946830558136,0,4.930237144406646,3.480197675227953,-,-,-,9.696755994358252
13838,Turbaná,-,2,2,-,-,-,-,-,-,2,0,32.77076847452073,22.48959856066569,0,0,0,-,-,-,11.486331265793705
13873,Villanueva,1,2,3,-,-,-,-,-,-,3,22.143489813994687,23.863500775563775,23.261223540358223,0,0,0,-,-,-,11.890135151202886
13894,Zambrano,-,4,4,-,-,-,-,-,-,4,0,91.72208209126347,60.77180188392585,0,0,0,-,-,-,32.462262619704596
15,Boyacá,3,66,69,1,8,9,-,-,-,78,1.6777303663603877,15.234015247864352,11.273515082002568,0.5949724825226833,1.7293483383124155,1.4270379290825572,-,-,-,6.276499097552085
15047,Aquitania,-,3,3,-,-,-,-,-,-,3,0,55.65862708719852,37.85488958990536,0,0,0,-,-,-,19.297568506368197
15131,Caldas,-,1,1,-,-,-,-,-,-,1,0,88.9679715302491,64.64124111182934,0,0,0,-,-,-,31.98976327575176
15176,Chiquinquirá,-,4,4,-,1,1,-,-,-,5,0,21.01833850034155,14.455567200318022,0,4.542151162790698,3.304255881575469,-,-,-,8.63036161215155
15183,Chita,-,1,1,-,-,-,-,-,-,1,0,39.23107100823852,25.0501002004008,0,0,0,-,-,-,12.832028743744385
15236,Chivor,-,1,1,-,-,-,-,-,-,1,0,100.50251256281408,72.93946024799416,0,0,0,-,-,-,39.5882818685669
15204,Cómbita,-,5,5,-,-,-,-,-,-,5,0,73.60518180479906,60.437567992263986,0,0,0,-,-,-,37.65060240963856
15238,Duitama,-,5,5,-,-,-,-,-,-,5,0,11.502185415228894,8.287613333112331,0,0,0,-,-,-,3.947264545669851
15244,El Cocuy,1,1,2,-,-,-,-,-,-,2,137.36263736263737,72.5689404934688,94.9667616334283,0,0,0,-,-,-,48.60267314702309
15296,Gámeza,-,1,1,-,-,-,-,-,-,1,0,61.31207847946045,40.306328093510686,0,0,0,-,-,-,20.614306328592043
15322,Guateque,-,1,1,-,-,-,-,-,-,1,0,25.44529262086514,19.319938176197837,0,0,0,-,-,-,9.17094644167278
15325,Guayatá,-,-,-,-,1,1,-,-,-,1,0,0,0,0,73.63770250368188,58.927519151443725,-,-,-,29.48982601002654
15332,Güicán,-,1,1,-,-,-,-,-,-,1,0,73.26007326007326,46.01932811780948,0,0,0,-,-,-,23.250406882120437
15367,Jenesano,-,1,1,-,-,-,-,-,-,1,0,39.41663381947181,27.716186252771617,0,0,0,-,-,-,13.627691469065141
15480,Muzo,-,1,1,-,-,-,-,-,-,1,0,29.94908655286014,22.06531332744925,0,0,0,-,-,-,11.913271384322135
15491,Nobsa,-,1,1,-,-,-,-,-,-,1,0,17.998560115190784,12.655024044545685,0,0,0,-,-,-,6.080505898090721
15507,Otanche,-,1,1,-,-,-,-,-,-,1,0,35.36067892503536,24.3605359317905,0,0,0,-,-,-,12.49375312343828
15531,Pauna,-,2,2,-,-,-,-,-,-,2,0,72.15007215007215,53.31911490269261,0,0,0,-,-,-,27.731558513588467
15572,Puerto Boyacá,-,16,16,-,2,2,-,-,-,18,0,97.64433052605884,66.87844841999666,0,11.795930404010615,8.214564422721486,-,-,-,37.28946986803671
15580,Quípama,-,1,1,-,-,-,-,-,-,1,0,49.72650422675286,37.11952487008166,0,0,0,-,-,-,20.07226013649137
15646,Samacá,-,2,2,-,-,-,-,-,-,2,0,32.232070910556004,21.172983273343213,0,0,0,-,-,-,10.628122010840684
15667,San Luis de Gaceno,-,1,1,-,-,-,-,-,-,1,0,49.77600796416127,35.7653791130186,0,0,0,-,-,-,18.27151470856934
15757,Socha,-,-,-,-,1,1,-,-,-,1,0,0,0,0,35.149384885764505,24.600246002460022,-,-,-,12.367054167697255
15759,Sogamoso,-,7,7,-,-,-,-,-,-,7,0,15.506967058771405,11.208428738411286,0,0,0,-,-,-,5.3392319133518935
15764,Soracá,-,2,2,-,-,-,-,-,-,2,0,100.70493454179255,66.29101756711965,0,0,0,-,-,-,32.95978905735003
15806,Tibasosa,-,2,2,-,-,-,-,-,-,2,0,42.49893752656183,30.26176426085641,0,0,0,-,-,-,14.929829799940281
15001,Tunja,1,4,5,1,2,3,-,-,-,8,4.139586869230451,6.610696106299993,5.905628063544558,4.3383947939262475,2.7953262145692404,3.1713144041100234,-,-,-,4.462716790414085
15832,Tununguá,-,1,1,-,-,-,-,-,-,1,0,172.1170395869191,116.55011655011656,0,0,0,-,-,-,63.451776649746186
15839,Tutazá,1,-,1,-,-,-,-,-,-,1,312.5,0,101.62601626016261,0,0,0,-,-,-,49.04364884747425
15842,Úmbita,-,-,-,-,1,1,-,-,-,1,0,0,0,0,39.032006245120996,27.300027300027303,-,-,-,13.241525423728813
17,Caldas,8,132,140,-,10,10,-,-,-,150,6.486451424586894,35.72888274159627,28.410070964298686,0,2.4532412223029065,1.9023341640192517,-,-,-,14.728220153507328
17013,Aguadas,-,6,6,-,-,-,-,-,-,6,0,71.25044531528322,52.23750652968832,0,0,0,-,-,-,26.032627559875042
17042,Anserma,-,3,3,-,1,1,-,-,-,4,0,21.949078138718175,16.35858007524947,0,7.15922107674685,5.448997384481256,-,-,-,10.901856040990978
17088,Belalcázar,-,5,5,-,-,-,-,-,-,5,0,135.17166801838334,92.55831173639393,0,0,0,-,-,-,46.948356807511736
17174,Chinchiná,-,14,14,-,1,1,-,-,-,15,0,74.42849548112706,55.863692590080205,0,4.720766652504366,3.675659780930677,-,-,-,28.698796563797426
17272,Filadelfia,-,2,2,-,-,-,-,-,-,2,0,47.05882352941177,34.940600978336825,0,0,0,-,-,-,17.543859649122805
17380,La Dorada,1,11,12,-,3,3,-,-,-,15,9.837678307919331,42.78657279551908,33.45040976751965,0,10.678436676870506,7.867407951326969,-,-,-,20.268626868091776
17001,Manizales,3,40,43,-,2,2,-,-,-,45,6.437768240343348,24.44181016046048,20.451453955691687,0,1.0498246792785604,0.8477953083007639,-,-,-,10.08606777837547
17442,Marmato,-,5,5,-,1,1,-,-,-,6,0,160.3077909586406,107.15816545220746,0,32.123353678124,22.217285047767163,-,-,-,65.45216537580451
17444,Marquetalia,1,2,3,-,-,-,-,-,-,3,50.0751126690035,41.71011470281543,44.169611307420496,0,0,0,-,-,-,22.23869532987398
17446,Marulanda,-,1,1,-,-,-,-,-,-,1,0,105.48523206751054,74.51564828614009,0,0,0,-,-,-,39.308176100628934
17486,Neira,-,10,10,-,-,-,-,-,-,10,0,130.80444735120994,94.56264775413712,0,0,0,-,-,-,47.36193994506015
17495,Norcasia,-,2,2,-,1,1,-,-,-,3,0,97.94319294809011,65.59527714004591,0,46.2962962962963,32.478077297823965,-,-,-,48.95561357702349
17524,Palestina,-,6,6,-,1,1,-,-,-,7,0,103.53753235547887,75.72889057175313,0,17.50087504375219,12.88992008249549,-,-,-,44.640010203430904
17614,Riosucio,-,3,3,-,-,-,-,-,-,3,0,16.21796951021732,11.682697924374002,0,0,0,-,-,-,5.774116560166295
17616,Risaralda,-,2,2,-,-,-,-,-,-,2,0,48.816206980717595,36.18599601954044,0,0,0,-,-,-,18.925056775170326
17653,Salamina,-,2,2,-,-,-,-,-,-,2,0,27.14809284647753,20.533880903490758,0,0,0,-,-,-,10.312999535915022
17662,Samaná,1,6,7,-,-,-,-,-,-,7,32.605151613955,84.51894633046908,68.85697422781821,0,0,0,-,-,-,35.057845444984224
17777,Supía,2,7,9,-,-,-,-,-,-,9,48.06536890170632,68.59382655561,62.64791869692329,0,0,0,-,-,-,30.650819057998163
17867,Victoria,-,2,2,-,-,-,-,-,-,2,0,54.779512462339085,39.09304143862393,0,0,0,-,-,-,19.321804656554924
17873,Villamaría,-,2,2,-,-,-,-,-,-,2,0,8.291873963515755,6.160860056063827,0,0,0,-,-,-,2.966082842693796
17877,Viterbo,-,1,1,-,-,-,-,-,-,1,0,21.973192704900022,16.404199475065617,0,0,0,-,-,-,7.780284758422158
18,Caquetá,1,131,132,-,9,9,1,-,1,142,1.3262775368373587,99.32594833534259,63.679518351279384,0,6.83433570256971,4.4284146767503305,-,-,-,34.590191488376966
18029,Albania,-,5,5,-,-,-,-,-,-,5,0,347.22222222222223,224.11474675033617,0,0,0,-,-,-,113.73976342129207
18094,Belén de los Andaquíes,-,5,5,-,-,-,1,-,1,6,0,147.9727730097662,90.05763688760807,0,0,0,-,-,-,53.66246310705661
18150,Cartagena del Chairá,-,18,18,-,-,-,-,-,-,18,0,193.40281508541958,113.31444759206798,0,0,0,-,-,-,57.78305672370068
18205,Curillo,-,4,4,-,1,1,-,-,-,5,0,171.89514396218308,103.22580645161291,0,42.462845010615716,25.660764690787786,-,-,-,64.33350488934637
18247,El Doncello,-,9,9,-,-,-,-,-,-,9,0,149.08066920655955,94.82667790538405,0,0,0,-,-,-,46.670815183571875
18256,El Paujíl,-,3,3,-,-,-,-,-,-,3,0,51.15089514066496,31.84713375796178,0,0,0,-,-,-,16.24783362218371
18001,Florencia,-,38,38,-,4,4,-,-,-,42,0,65.68258028831195,44.38008035130337,0,6.552113875739161,4.577339878929361,-,-,-,24.27591309223113
18460,Milán,-,3,3,-,-,-,-,-,-,3,0,104.38413361169101,58.26374053214216,0,0,0,-,-,-,30.14469453376206
18479,Morelia,-,2,2,-,-,-,-,-,-,2,0,158.10276679841897,106.21348911311736,0,0,0,-,-,-,53.37603416066186
18592,Puerto Rico,-,9,9,-,-,-,-,-,-,9,0,109.54235637779942,67.65899864682004,0,0,0,-,-,-,34.243969256525375
18610,San José del Fragua,-,8,8,-,-,-,-,-,-,8,0,200.65211938801102,120.50007531254707,0,0,0,-,-,-,61.07336437896023
18753,San Vicente del Caguán,1,21,22,-,4,4,-,-,-,26,9.400263207369807,125.3955932405804,80.33595033777615,0,26.296758924462562,15.867978419549349,-,-,-,49.43623676154621
18756,Solano,-,3,3,-,-,-,-,-,-,3,0,81.72160174339417,47.77070063694268,0,0,0,-,-,-,26.080153003564288
18785,Solita,-,3,3,-,-,-,-,-,-,3,0,150.7537688442211,93.34163036714375,0,0,0,-,-,-,47.27387330601954
85,Casanare,6,70,76,3,7,10,-,-,-,86,8.27780307106494,47.70504651242035,34.66868596556852,4.321334428071388,4.776396413608636,4.6301226519490495,-,-,-,19.761256448258827
85010,Aguazul,-,3,3,-,-,-,-,-,-,3,0,23.384519448125342,15.768725361366622,0,0,0,-,-,-,7.892659826361483
85125,Hato Corozal,-,1,1,-,-,-,-,-,-,1,0,25.91344908007256,15.827793605571383,0,0,0,-,-,-,8.259002312520646
85139,Maní,-,5,5,-,3,3,-,-,-,8,0,82.16926869350863,54.76451259583789,0,53.71530886302597,36.00144005760231,-,-,-,45.811143560671134
85162,Monterrey,-,4,4,-,-,-,-,-,-,4,0,65.47716483876248,44.72772000447277,0,0,0,-,-,-,22.211116663890277
85225,Nunchía,-,3,3,-,-,-,-,-,-,3,0,94.19152276295134,64.02048655569781,0,0,0,-,-,-,34.43130953747274
85230,Orocué,2,1,3,-,-,-,-,-,-,3,78.89546351084812,25.22704339051463,46.16094783812894,0,0,0,-,-,-,23.711666139740753
85250,Paz de Ariporo,1,5,6,-,-,-,-,-,-,6,14.65845793022574,41.22011541632317,31.658927817644575,0,0,0,-,-,-,16.0655474335288
85300,Sabanalarga,-,-,-,-,1,1,-,-,-,1,0,0,0,0,78.003120124805,57.01254275940707,-,-,-,28.01905295601009
85315,Sácama,-,1,1,-,-,-,-,-,-,1,0,141.44271570014143,95.41984732824427,0,0,0,-,-,-,48.56726566294317
85325,San Luis de Palenque,-,2,2,-,-,-,-,-,-,2,0,70.3482237073514,46.41448131817127,0,0,0,-,-,-,23.963575365444527
85400,Támara,-,1,1,-,-,-,-,-,-,1,0,45.850527281063734,28.70264064293915,0,0,0,-,-,-,15.227653418608192
85410,Tauramena,-,4,4,-,-,-,-,-,-,4,0,47.681487662415066,31.345505838100465,0,0,0,-,-,-,15.89004091685536
85430,Trinidad,-,1,1,-,-,-,-,-,-,1,0,23.19109461966605,14.677821811243211,0,0,0,-,-,-,7.43549706297866
85440,Villanueva,1,9,10,1,-,1,-,-,-,11,16.688918558077436,73.16478335094708,54.66571912753512,17.602534765006162,0,5.5894024928735115,-,-,-,30.400176873756354
85001,Yopal,2,30,32,2,3,5,-,-,-,37,7.335142668524903,49.50576742190465,36.41950719854322,7.495409061949556,4.751346214760849,5.566503011478129,-,-,-,20.82301562288956
19,Cauca,35,640,675,10,55,65,-,-,-,740,15.522372173265152,124.89730124253299,91.47556179546876,4.620730445068757,10.230293200203118,8.620289509107668,-,-,-,49.5999495957269
19022,Almaguer,-,5,5,-,-,-,-,-,-,5,0,75.83801001061732,55.26693931690063,0,0,0,-,-,-,27.5072894316994
19050,Argelia,5,68,73,1,4,5,-,-,-,78,120.74378169524269,695.6521739130435,524.5760275941362,25.56237218813906,45.662100456621005,39.457070707070706,-,-,-,293.3654280126373
19075,Balboa,-,9,9,-,-,-,-,-,-,9,0,117.66243953457969,83.71314296344526,0,0,0,-,-,-,41.983486495311844
19100,Bolívar,2,11,13,-,1,1,-,-,-,14,41.71881518564873,78.85304659498208,69.35552710200598,0,7.230657989877079,5.479452054794521,-,-,-,37.84397469859977
19110,Buenos Aires,1,32,33,-,3,3,-,-,-,36,18.406037180195103,304.442964513367,206.97441043652788,0,27.332361516034986,18.627755355479664,-,-,-,112.32799775344004
19130,Cajibío,-,19,19,1,1,2,-,-,-,21,0,126.16201859229747,86.78573059882154,15.740594994490792,6.855419208884624,9.551098376313277,-,-,-,49.027618891975806
19137,Caldono,-,7,7,-,-,-,-,-,-,7,0,52.770448548812666,32.933427428840275,0,0,0,-,-,-,16.758439071103663
19142,Caloto,3,28,31,1,1,2,-,-,-,33,62.43496357960458,274.079874706343,206.37773783369946,22.222222222222225,9.350163627863488,13.162224415926293,-,-,-,109.21366163621923
19212,Corinto,5,40,45,1,2,3,-,-,-,48,131.89132155104195,445.2359750667854,352.2504892367906,27.434842249657066,22.172949002217294,23.68732727990525,-,-,-,188.67924528301887
19256,El Tambo,1,65,66,1,4,5,-,-,-,71,13.257324671881214,325.0812703175794,239.66882126516086,13.871549452073797,21.02828304068973,19.061415881971712,-,-,-,132.04634640778144
19300,Guachené,-,11,11,-,-,-,-,-,-,11,0,171.4196665108306,118.25413889486131,0,0,0,-,-,-,54.94505494505494
19318,Guapí,-,1,1,-,-,-,-,-,-,1,0,12.44090569793481,7.2764316379247616,0,0,0,-,-,-,3.6106296938186015
19355,Inzá,-,1,1,-,-,-,-,-,-,1,0,10.650761529449355,6.725854183481302,0,0,0,-,-,-,3.3966237559865498
19364,Jambaló,-,1,1,-,-,-,-,-,-,1,0,17.029972752043594,10.734220695577502,0,0,0,-,-,-,5.385609651012494
19392,La Sierra,-,1,1,-,-,-,-,-,-,1,0,24.57606291472106,18.37897445322551,0,0,0,-,-,-,9.385265133740027
19397,La Vega,1,1,2,-,-,-,-,-,-,2,29.30832356389214,10.980564401010213,15.975716910296349,0,0,0,-,-,-,8.116224332440549
19418,López de Micay,-,4,4,-,1,1,-,-,-,5,0,74.94847292486415,41.727519298977676,0,18.611576400521123,10.699764605178686,-,-,-,26.410310585252486
19450,Mercaderes,-,12,12,1,4,5,-,-,-,17,0,140.2032947774273,103.18142734307824,35.186488388458834,46.3768115942029,43.60338362256911,-,-,-,73.60263237649912
19455,Miranda,1,21,22,-,1,1,-,-,-,23,22.32142857142857,187.38288569643973,140.24351373748965,0,8.31739166597355,6.099420555047271,-,-,-,71.69129106664172
19473,Morales,1,12,13,1,-,1,-,-,-,14,14.378145219266715,90.28666014596344,64.21021436333103,14.615609470914936,0,5.040830728904123,-,-,-,34.926654026544256
19513,Padilla,-,5,5,-,-,-,-,-,-,5,0,149.56625785222855,106.04453870625663,0,0,0,-,-,-,50.04003202562049
19517,Páez,1,4,5,1,3,4,-,-,-,9,10.103051121438675,28.690288337397792,20.973154362416107,10.415581710238516,22.554695135704083,17.465723517596714,-,-,-,19.254631808651748
19532,Patía,-,22,22,-,2,2,-,-,-,24,0,170.1601051898832,120.83928375260903,0,14.206563432305725,10.369141435089174,-,-,-,64.01024163866218
19533,Piamonte,-,2,2,-,-,-,-,-,-,2,0,64.59948320413437,41.92872117400419,0,0,0,-,-,-,21.600604816934876
19548,Piendamó,-,13,13,-,1,1,-,-,-,14,0,88.58603066439524,62.82317691973131,0,6.539794650447976,4.729474082482028,-,-,-,33.46320242847241
19001,Popayán,2,68,70,-,5,5,-,-,-,75,5.06842372022301,58.16191250053457,44.76418864908074,0,3.8043354206453674,2.9567953069744886,-,-,-,23.043102892063033
19573,Puerto Tejada,3,33,36,-,3,3,-,-,-,39,49.72650422675286,247.26509815675107,185.7680994891377,0,18.02451333813987,13.38449183545998,-,-,-,93.3170626659967
19585,Puracé,-,1,1,-,-,-,-,-,-,1,0,16.798252981689906,11.42334932602239,0,0,0,-,-,-,5.691843588138198
19622,Rosas,-,5,5,-,1,1,-,-,-,6,0,110.64394777605665,84.71704506946797,0,23.16423442205235,17.739932588256163,-,-,-,51.99757344657249
19701,Santa Rosa,-,1,1,-,-,-,-,-,-,1,0,50.838840874428065,35.49875754348598,0,0,0,-,-,-,18.57700167193015
19698,Santander de Quilichao,7,70,77,-,9,9,-,-,-,86,42.13567687955216,181.9978160262077,139.80935088515662,0,21.242447129909365,15.537064530608017,-,-,-,76.10552119007797
19780,Suárez,-,27,27,2,4,6,-,-,-,33,0,244.80913954120953,164.183642444512,38.00114003420103,36.975411351451285,37.31111249300417,-,-,-,101.45729570190001
19807,Timbío,-,9,9,-,1,1,-,-,-,10,0,68.17148916830783,50.09462317711232,0,7.265857734505559,5.4582173462147265,-,-,-,27.558078650756467
19809,Timbiquí,-,5,5,-,-,-,-,-,-,5,0,67.18624025799517,37.20514919264826,0,0,0,-,-,-,18.79204720562258
19821,Toribío,1,13,14,-,1,1,-,-,-,15,15.472690700912887,107.94652495225442,75.65114017075544,0,8.386447500838644,5.498130635583902,-,-,-,40.878617757671556
19824,Totoró,-,3,3,-,2,2,-,-,-,5,0,36.710719530102786,23.408239700374533,0,24.009603841536617,15.629884338855891,-,-,-,19.52209901608621
19845,Villa Rica,1,10,11,-,1,1,-,-,-,12,32.701111837802486,146.4557703573521,111.26846044911996,0,11.921793037672865,8.739730816290859,-,-,-,56.264066016504124
20,Cesar,7,192,199,5,14,19,-,-,-,218,3.0078418734557957,47.144330403182245,31.094478776846334,2.2374067560734408,3.2412734500346123,2.8989841349278764,-,-,-,16.82894764267358
20011,Aguachica,2,16,18,-,2,2,-,-,-,20,10.058338362502514,42.31572822723546,31.198544067943498,0,4.795013186286262,3.2810013616155653,-,-,-,16.856015912079023
20013,Agustín Codazzi,1,13,14,1,1,2,-,-,-,16,8.545547769612032,62.62947439418028,43.13133491481562,8.773469029654326,4.803304673615448,6.207902660086289,-,-,-,24.738697507576227
20032,Astrea,-,5,5,-,1,1,-,-,-,6,0,76.0225026607876,46.403712296983755,0,15.75795776867318,9.72100709633518,-,-,-,28.487323141202165
20045,Becerril,-,3,3,-,1,1,-,-,-,4,0,43.109642189969826,25.35496957403651,0,14.62629808395495,8.71383757406762,-,-,-,17.16148961729878
20060,Bosconia,-,10,10,-,1,1,-,-,-,11,0,74.31076763022962,45.924225028702644,0,7.34322220590395,4.64015590923855,-,-,-,25.38891196971795
20175,Chimichagua,1,7,8,1,1,2,-,-,-,10,13.819789939192924,64.32049986217035,44.15254705005795,14.216661927779356,9.028530155290719,11.043622308117063,-,-,-,27.602197134891938
20178,Chiriguaná,-,8,8,1,1,2,-,-,-,10,0,87.90242830458192,54.399564803481574,18.635855385762206,10.460251046025103,13.399437223636607,-,-,-,33.74730021598272
20228,Curumaní,-,8,8,-,-,-,-,-,-,8,0,65.09886890715273,40.605014719317836,0,0,0,-,-,-,20.167897748758413
20238,El Copey,1,4,5,-,-,-,-,-,-,5,16.931933626820182,40.22526146419951,31.54574132492114,0,0,0,-,-,-,15.79778830963665
20250,El Paso,-,10,10,-,1,1,-,-,-,11,0,84.54514710855597,49.241678156391565,0,8.035355564483728,4.866180048661801,-,-,-,26.922512115130452
20295,Gamarra,-,1,1,-,-,-,-,-,-,1,0,18.311664530305805,12.591286829513976,0,0,0,-,-,-,6.303580433686334
20310,González,-,1,1,-,-,-,-,-,-,1,0,60.64281382656156,41.85851820845542,0,0,0,-,-,-,21.891418563922944
20383,La Gloria,1,4,5,-,-,-,-,-,-,5,30.09328919650918,64.71444750040446,52.609427609427605,0,0,0,-,-,-,27.10320901994796
20400,La Jagua de Ibirico,-,8,8,-,-,-,-,-,-,8,0,51.927820329741664,31.560675398453526,0,0,0,-,-,-,15.702901110980255
20621,La Paz,-,2,2,-,1,1,-,-,-,3,0,21.512315800795957,13.490725126475548,0,10.540739959945189,6.766815536608472,-,-,-,10.134108029591596
20443,Manaure Balcón del Cesar,-,2,2,-,-,-,-,-,-,2,0,55.18763796909492,36.449790413705124,0,0,0,-,-,-,18.458698661744346
20517,Pailitas,-,6,6,-,-,-,-,-,-,6,0,96.61835748792271,62.07324643078833,0,0,0,-,-,-,30.449124587668106
20550,Pelaya,-,9,9,1,-,1,-,-,-,10,0,129.55232474449403,80.37867285880147,25.88661661920787,0,9.013881377321075,-,-,-,44.86115472612265
20570,Pueblo Bello,-,2,2,-,-,-,-,-,-,2,0,25.546046749265553,13.430931435095024,0,0,0,-,-,-,6.794170601623807
20614,Río de Oro,-,3,3,-,-,-,-,-,-,3,0,47.70233741453331,33.29633740288568,0,0,0,-,-,-,16.86056314280897
20710,San Alberto,-,4,4,-,-,-,-,-,-,4,0,42.93688278231001,28.234629773417097,0,0,0,-,-,-,14.05827153551471
20750,San Diego,-,1,1,-,-,-,-,-,-,1,0,15.276504735716468,9.73141300116777,0,0,0,-,-,-,4.885197850512946
20770,San Martín,-,4,4,-,-,-,-,-,-,4,0,41.70576582212491,27.354168091362922,0,0,0,-,-,-,13.90385484375543
20787,Tamalameque,-,4,4,-,-,-,-,-,-,4,0,82.08495793145906,49.98125702861427,0,0,0,-,-,-,24.708135153499292
20001,Valledupar,1,57,58,1,4,5,-,-,-,63,1.0988890231975474,33.840947546531304,22.356188038668495,1.152073732718894,2.1422450728363325,1.8280198888563908,-,-,-,11.820863260756987
27,Chocó,12,183,195,3,12,15,-,-,-,210,10.99313844941782,114.6243078696164,72.54167426184196,2.8580955556614107,7.01803635342831,5.435708254666555,-,-,-,38.548802784324955
27006,Acandí,1,4,5,-,-,-,-,-,-,5,36.84598378776713,92.42144177449168,71.0025560920193,0,0,0,-,-,-,35.31322833533442
27050,Atrato,-,3,3,-,1,1,-,-,-,4,0,157.31515469323546,95.69377990430623,0,48.05382027871216,32.54149040026033,-,-,-,64.43298969072166
27075,Bahía Solano,-,2,2,-,-,-,-,-,-,2,0,61.95786864931846,38.40245775729647,0,0,0,-,-,-,19.457145636735092
27099,Bojayá,-,3,3,-,-,-,-,-,-,3,0,93.66219169528567,47.785919082510354,0,0,0,-,-,-,24.33879604088918
27150,Carmen del Darién,-,4,4,-,1,1,-,-,-,5,0,67.49915626054674,39.10450679440805,0,19.06941266209001,10.775862068965518,-,-,-,25.629196780972887
27135,El Cantón del San Pablo,-,1,1,-,-,-,-,-,-,1,0,55.09641873278236,32.49918752031199,0,0,0,-,-,-,15.90836780146357
27245,El Carmen de Atrato,-,3,3,-,-,-,-,-,-,3,0,113.98176291793312,73.69196757553426,0,0,0,-,-,-,36.53190452995616
27361,Istmina,-,4,4,-,1,1,-,-,-,5,0,43.797218876601335,26.908846283215606,0,9.722897423432181,6.273132174894926,-,-,-,16.23060442770889
27413,Lloró,-,1,1,-,-,-,-,-,-,1,0,38.109756097560975,20.07226013649137,0,0,0,-,-,-,10.087763542822556
27425,Medio Atrato,-,4,4,-,1,1,-,-,-,5,0,114.97556769186548,70.8215297450425,0,28.901734104046245,18.93222264293828,-,-,-,45.74565416285453
27430,Medio Baudó,-,1,1,-,-,-,-,-,-,1,0,23.19647413593134,12.682308180088777,0,0,0,-,-,-,6.376331059108589
27450,Medio San Juan,-,3,3,-,-,-,-,-,-,3,0,95.84664536741214,57.066768118698874,0,0,0,-,-,-,27.71106595233697
27491,Nóvita,-,2,2,-,-,-,-,-,-,2,0,72.17610970768675,43.96570674873599,0,0,0,-,-,-,21.965952773201536
27495,Nuquí,-,-,-,-,1,1,-,-,-,1,0,0,0,0,21.602937999567942,11.993283761093787,-,-,-,6.008893161879582
27001,Quibdó,11,136,147,3,4,7,-,-,-,154,45.42263699054383,375.88789696249415,243.3855425676347,12.355339565915736,8.668140250509254,9.939369843951894,-,-,-,117.71450410854195
27600,Río Quito,-,1,1,-,3,3,-,-,-,4,0,42.69854824935952,24.900398406374503,0,105.3740779768177,67.68953068592057,-,-,-,47.34848484848485
27615,Riosucio,-,6,6,-,-,-,-,-,-,6,0,29.73535533749628,20.15384098619462,0,0,0,-,-,-,10.86326767091541
27660,San José del Palmar,-,3,3,-,-,-,-,-,-,3,0,187.5,117.55485893416929,0,0,0,-,-,-,60.47167909695626
27800,Unguía,-,1,1,-,-,-,-,-,-,1,0,25.303643724696357,15.126304643775526,0,0,0,-,-,-,7.799095304944626
27810,Unión Panamericana,-,1,1,-,-,-,-,-,-,1,0,45.02476361999099,29.291154071470416,0,0,0,-,-,-,14.322543683758235
23,Córdoba,6,213,219,1,21,22,-,-,-,241,2.0064809334149305,34.88349241079325,24.07559075893078,0.34962467790826546,3.316011122848738,2.393093965922342,-,-,-,13.176981071622086
23090,Canalete,-,-,-,-,1,1,-,-,-,1,0,0,0,0,20.408163265306122,13.197835554968986,-,-,-,6.477942605428517
23162,Cereté,-,3,3,-,1,1,-,-,-,4,0,7.992540295723991,5.661125054252448,0,2.475431343911677,1.8045329868629998,-,-,-,3.689730557426044
23168,Chimá,-,1,1,-,-,-,-,-,-,1,0,15.18141794443601,10.884946119516709,0,0,0,-,-,-,5.585032113934655
23182,Chinú,-,4,4,-,-,-,-,-,-,4,0,22.411474675033617,16.159657415262796,0,0,0,-,-,-,8.214564422721486
23300,Cotorra,1,5,6,-,-,-,-,-,-,6,33.93281303020021,73.11010381634742,61.31207847946045,0,0,0,-,-,-,30.692107013146455
23350,La Apartada,-,4,4,-,-,-,-,-,-,4,0,80.30515960650472,52.34231876472127,0,0,0,-,-,-,26.284662899198317
23417,Lorica,-,12,12,-,1,1,-,-,-,13,0,30.757400999615534,21.180831347630395,0,2.404539771087814,1.7005067510118015,-,-,-,11.259213067615905
23419,Los Córdobas,-,3,3,-,1,1,-,-,-,4,0,46.46120489391358,30.469226081657528,0,16.207455429497568,10.561892691170257,-,-,-,20.710365537951745
23464,Momil,-,4,4,-,-,-,-,-,-,4,0,57.142857142857146,39.880358923230304,0,0,0,-,-,-,19.88368046925486
23466,Montelíbano,-,46,46,1,2,3,-,-,-,49,0,172.9388322869281,109.36757013789824,6.683598449405159,6.929286629941448,6.845407872219053,-,-,-,57.05303603656051
23001,Montería,1,67,68,-,7,7,-,-,-,75,1.3140777145560387,39.56537144206921,27.705458382734612,0,3.748848567939847,2.69339540968468,-,-,-,14.841669074315206
23500,Moñitos,-,2,2,-,-,-,-,-,-,2,0,20.261371694863744,12.888258796236629,0,0,0,-,-,-,6.540222367560497
23555,Planeta Rica,-,2,2,-,-,-,-,-,-,2,0,9.369875849144998,6.28002637611078,0,0,0,-,-,-,3.0875632950475485
23570,Pueblo Nuevo,-,1,1,-,-,-,-,-,-,1,0,8.065817067268915,5.406574394463668,0,0,0,-,-,-,2.7407772844378666
23574,Puerto Escondido,-,1,1,-,-,-,-,-,-,1,0,12.146240738491437,7.951021706289258,0,0,0,-,-,-,4.104416351994746
23580,Puerto Libertador,1,18,19,-,1,1,-,-,-,20,11.46788990825688,130.89957094029523,84.55342441368876,0,7.7651809287156395,4.738887309259786,-,-,-,45.89998393500562
23586,Purísima de la Concepción,-,1,1,-,-,-,-,-,-,1,0,16.661112962345886,11.239743733842868,0,0,0,-,-,-,5.686018081537499
23660,Sahagún,-,17,17,-,3,3,-,-,-,20,0,44.41425436304734,31.08770389876381,0,7.5542013950091915,5.4006372751984735,-,-,-,18.143387188954307
23670,San Andrés de Sotavento,-,1,1,-,-,-,-,-,-,1,0,6.246096189881324,4.008337341670675,0,0,0,-,-,-,2.0815120103242997
23672,San Antero,1,3,4,-,-,-,-,-,-,4,16.43115346697338,26.626431170675428,23.05076931942604,0,0,0,-,-,-,11.41715427429713
23678,San Carlos,-,-,-,-,1,1,-,-,-,1,0,0,0,0,10.908694229300753,7.462129691814044,-,-,-,3.653902367728734
23682,San José de Uré,2,11,13,-,1,1,-,-,-,14,67.81959986436081,257.67158585148746,180.1052923247437,0,25.91344908007256,15.16070345664039,-,-,-,101.34646011292891
23686,San Pelayo,-,1,1,-,-,-,-,-,-,1,0,5.203455094182537,3.73594351253409,0,0,0,-,-,-,1.8870060761595653
23807,Tierralta,-,4,4,-,2,2,-,-,-,6,0,13.80548077586802,8.325354868251258,0,7.004027315706531,4.2434915448430965,-,-,-,6.30404404425439
23815,Tuchín,-,2,2,-,-,-,-,-,-,2,0,12.023566189731875,7.047464674583319,0,0,0,-,-,-,3.6391426179992
25,Cundinamarca,24,282,306,2,32,34,-,-,-,340,5.276812805065741,24.566450069561387,19.092459289698123,0.4606893755816204,2.653091680899398,2.072826945774847,-,-,-,10.484122875153524
25001,Agua de Dios,-,-,-,-,1,1,-,-,-,1,0,0,0,0,19.573302016050107,15.693659761456372,-,-,-,8.113590263691684
25019,Albán,-,1,1,-,-,-,-,-,-,1,0,38.52080123266564,28.17695125387433,0,0,0,-,-,-,14.536996656490768
25599,Apulo,-,3,3,-,-,-,-,-,-,3,0,91.6030534351145,66.72597864768683,0,0,0,-,-,-,34.2974734194581
25053,Arbeláez,-,1,1,-,-,-,-,-,-,1,0,23.719165085388994,17.95654516071108,0,0,0,-,-,-,9.124920156948626
25123,Cachipay,-,2,2,-,-,-,-,-,-,2,0,49.04364884747425,36.717459151826695,0,0,0,-,-,-,18.68634962160142
25126,Cajicá,1,2,3,-,-,-,-,-,-,3,7.754342431761787,6.30715862503942,6.725552616239968,0,0,0,-,-,-,3.226951498918971
25151,Cáqueza,-,1,1,-,-,-,-,-,-,1,0,15.537600994406462,10.964912280701755,0,0,0,-,-,-,5.5691690799732685
25175,Chía,-,5,5,-,-,-,-,-,-,5,0,9.342476503671593,6.930583277888668,0,0,0,-,-,-,3.3429163602326666
25178,Chipaque,-,1,1,-,-,-,-,-,-,1,0,27.870680044593087,19.61553550411926,0,0,0,-,-,-,9.942334460131239
25183,Chocontá,-,2,2,-,-,-,-,-,-,2,0,26.528717336516777,17.909913136921286,0,0,0,-,-,-,8.977466558937069
25214,Cota,-,1,1,-,-,-,-,-,-,1,0,7.823501799405413,5.5060015416804315,0,0,0,-,-,-,2.703287197231834
25245,El Colegio,-,2,2,-,-,-,-,-,-,2,0,20.73828287017835,15.52312946289972,0,0,0,-,-,-,7.640586797066015
25260,El Rosal,-,1,1,-,-,-,-,-,-,1,0,11.810558639423645,8.01538954793203,0,0,0,-,-,-,4.037467700258398
25269,Facatativá,1,8,9,-,1,1,-,-,-,10,4.597067071208569,14.682401306733716,11.80482686253935,0,1.7074170195328506,1.2541072010835488,-,-,-,6.41116054828245
25279,Fómeque,-,1,1,-,-,-,-,-,-,1,0,21.44082332761578,15.202189115232594,0,0,0,-,-,-,7.810669374365383
25286,Funza,-,1,1,-,-,-,-,-,-,1,0,2.6944736345754854,1.9548049104699352,0,0,0,-,-,-,0.9516015454009097
25290,Fusagasugá,2,12,14,-,2,2,-,-,-,16,10.530749789385004,21.775027672431,18.893132346392086,0,3.2195750160978753,2.498688188700932,-,-,-,10.379971844326372
25295,Gachancipá,-,1,1,-,-,-,-,-,-,1,0,15.05797319680771,10.339123242349048,0,0,0,-,-,-,5.161023947151114
25307,Girardot,2,25,27,-,2,2,-,-,-,29,14.809329877823028,62.65664160401002,50.55706394532347,0,4.590419793890152,3.546916842534627,-,-,-,26.413582046050713
25312,Granada,-,1,1,-,-,-,-,-,-,1,0,37.35524841240194,25.31645569620253,0,0,0,-,-,-,12.608750472828143
25317,Guachetá,-,1,1,-,-,-,-,-,-,1,0,21.017234131988232,13.814062715844731,0,0,0,-,-,-,7.021978793624044
25320,Guaduas,-,5,5,-,-,-,-,-,-,5,0,34.70053438822958,27.316433566433567,0,0,0,-,-,-,15.054799470071059
25324,Guataquí,-,1,1,-,-,-,-,-,-,1,0,91.40767824497257,69.58942240779402,0,0,0,-,-,-,36.075036075036074
25335,Guayabetal,-,2,2,-,1,1,-,-,-,3,0,85.03401360544217,57.306590257879655,0,47.1253534401508,30.731407498463426,-,-,-,44.48398576512455
25386,La Mesa,-,3,3,-,-,-,-,-,-,3,0,21.93784277879342,16.506189821182943,0,0,0,-,-,-,8.303578842481109
25394,La Palma,-,1,1,-,-,-,-,-,-,1,0,25.54931016862545,19.6811651249754,0,0,0,-,-,-,10.193679918450561
25398,La Peña,-,2,2,-,-,-,-,-,-,2,0,76.92307692307692,59.55926146515784,0,0,0,-,-,-,32.81378178835111
25402,La Vega,-,1,1,-,-,-,-,-,-,1,0,14.874312063067082,10.811979673478215,0,0,0,-,-,-,5.3642313056539
25407,Lenguazaque,-,1,1,-,-,-,-,-,-,1,0,27.20348204570185,17.943656917279743,0,0,0,-,-,-,9.264406151565684
25430,Madrid,-,9,9,-,-,-,-,-,-,9,0,20.40076162843413,14.388029159739096,0,0,0,-,-,-,7.078922116125785
25473,Mosquera,-,12,12,-,2,2,-,-,-,14,0,22.946744430633903,16.28377186435618,0,3.541515414445841,2.5983474510211506,-,-,-,9.29213818736933
25491,Nocaima,-,1,1,-,-,-,-,-,-,1,0,38.53564547206166,29.42041776993233,0,0,0,-,-,-,15.239256324291373
25513,Pacho,-,1,1,-,1,1,-,-,-,2,0,10.95290251916758,7.886435331230285,0,10.312467773538208,7.6202087937209475,-,-,-,7.75103670115878
25524,Pandi,-,-,-,-,1,1,-,-,-,1,0,0,0,0,54.734537493158186,40.16064257028113,-,-,-,18.747656542932134
25530,Paratebueno,-,1,1,-,-,-,-,-,-,1,0,31.969309462915604,21.061499578770007,0,0,0,-,-,-,10.848340203948796
25535,Pasca,-,2,2,-,-,-,-,-,-,2,0,56.385678037778405,39.87240829346093,0,0,0,-,-,-,20.77706212341575
25572,Puerto Salgar,-,2,2,-,-,-,-,-,-,2,0,32.6530612244898,23.716352424997034,0,0,0,-,-,-,11.996880810989142
25592,Quebradanegra,-,2,2,-,-,-,-,-,-,2,0,101.5744032503809,77.42934572202864,0,0,0,-,-,-,40.59265272985589
25594,Quetame,-,-,-,-,1,1,-,-,-,1,0,0,0,0,57.47126436781609,38.71467286101432,-,-,-,18.814675446848543
25612,Ricaurte,-,1,1,-,-,-,-,-,-,1,0,19.025875190258752,13.764624913971096,0,0,0,-,-,-,6.960395350455906
25658,San Francisco,-,-,-,-,1,1,-,-,-,1,0,0,0,0,22.251891410769915,16.65001665001665,-,-,-,8.44309354947653
25718,Sasaima,-,3,3,-,-,-,-,-,-,3,0,69.28406466512702,50.016672224074696,0,0,0,-,-,-,26.039406301536328
25736,Sesquilé,-,1,1,-,-,-,-,-,-,1,0,22.81021897810219,15.762925598991172,0,0,0,-,-,-,7.908264136022143
25740,Sibaté,-,5,5,-,1,1,-,-,-,6,0,38.50596842510589,27.599911680282624,0,7.365397363187744,5.39316147125445,-,-,-,16.367505046647388
25743,Silvania,-,3,3,-,-,-,-,-,-,3,0,35.72704537334762,25.31004808909137,0,0,0,-,-,-,12.771935799736047
25745,Simijaca,-,1,1,-,-,-,-,-,-,1,0,21.992522542335607,14.67997651203758,0,0,0,-,-,-,7.111363959607453
25754,Soacha,14,119,133,2,13,15,-,-,-,148,12.705327162174427,46.56841643904233,36.365823781608185,1.8828491272994294,4.6165100604407705,3.867773709452839,-,-,-,19.6404210481615
25758,Sopó,-,-,-,-,1,1,-,-,-,1,0,0,0,0,8.928571428571429,6.7663576696664185,-,-,-,3.4483947722335255
25769,Subachoque,-,1,1,-,1,1,-,-,-,2,0,16.556291390728475,11.987532965715655,0,16.152479405588757,11.903344839900013,-,-,-,11.945290569193094
25772,Suesca,-,2,2,-,-,-,-,-,-,2,0,31.600568810238585,21.484584810398538,0,0,0,-,-,-,10.671789125446882
25799,Tenjo,-,-,-,-,1,1,-,-,-,1,0,0,0,0,11.090163025396473,8.160600620205647,-,-,-,4.150066401062417
25805,Tibacuy,-,1,1,-,-,-,-,-,-,1,0,55.52470849528041,41.35649296939619,0,0,0,-,-,-,21.55636990730761
25807,Tibirita,-,1,1,-,-,-,-,-,-,1,0,77.45933384972889,61.84291898577613,0,0,0,-,-,-,30.441400304414007
25815,Tocaima,-,1,1,-,-,-,-,-,-,1,0,15.97444089456869,11.990407673860911,0,0,0,-,-,-,6.02010715790741
25817,Tocancipá,1,1,2,-,-,-,-,-,-,2,13.585110718652356,6.501950585175552,8.7946880084429,0,0,0,-,-,-,4.375027343920899
25862,Vergara,-,1,1,-,-,-,-,-,-,1,0,34.87966515521451,26.518164942985948,0,0,0,-,-,-,13.952839402818475
25867,Vianí,-,-,-,-,1,1,-,-,-,1,0,0,0,0,61.91950464396285,44.76275738585497,-,-,-,21.427040925648168
25843,Villa de San Diego de Ubaté,1,6,7,-,-,-,-,-,-,7,13.902405116085083,38.30194701563996,30.623851605564795,0,0,0,-,-,-,14.92187333461235
25871,Villagómez,-,1,1,-,-,-,-,-,-,1,0,144.92753623188406,105.3740779768177,0,0,0,-,-,-,54.76451259583789
25873,Villapinzón,-,1,1,-,-,-,-,-,-,1,0,16.297262059973924,10.770059235325794,0,0,0,-,-,-,5.425052894265719
25875,Villeta,-,3,3,-,1,1,-,-,-,4,0,27.969420100689916,20.59590827955513,0,9.139097057210748,6.867188572998215,-,-,-,13.732491073880801
25878,Viotá,-,1,1,-,-,-,-,-,-,1,0,18.92863903085368,13.993842709207948,0,0,0,-,-,-,7.205649228995533
25885,Yacopí,-,2,2,-,-,-,-,-,-,2,0,42.24757076468103,30.56234718826406,0,0,0,-,-,-,15.918497293855461
25899,Zipaquirá,2,9,11,-,-,-,-,-,-,11,9.838162231295193,17.752529735487304,15.487286345845185,0,0,0,-,-,-,7.516125505630261
94,Guainía,-,4,4,-,1,1,-,-,-,5,0,28.306560045290492,15.203922612033907,0,7.832080200501252,4.1106589386278625,-,-,-,9.874397661742634
94001,Inírida,-,3,3,-,1,1,-,-,-,4,0,29.328380095806043,17.296050735082158,0,10.499790004199916,6.120700208103807,-,-,-,11.875426773149659
94663,Mapiripana,-,1,1,-,-,-,-,-,-,1,0,409.8360655737705,172.41379310344828,0,0,0,-,-,-,93.37068160597573
95,Guaviare,-,17,17,-,1,1,-,-,-,18,0,58.39516350645781,37.08147017122914,0,4.010427110487267,2.4502597275311184,-,-,-,20.771547595693367
95015,Calamar,-,2,2,-,-,-,-,-,-,2,0,53.763440860215056,35.486160397445,0,0,0,-,-,-,19.86294567484358
95025,El Retorno,-,2,2,-,-,-,-,-,-,2,0,44.58314757021846,27.052617340727714,0,0,0,-,-,-,14.575134819997084
95200,Miraflores,-,1,1,-,-,-,-,-,-,1,0,34.95281370150297,23.277467411545622,0,0,0,-,-,-,14.19244961680386
95001,San José del Guaviare,-,12,12,-,1,1,-,-,-,13,0,66.50041562759768,42.0757363253857,0,5.799454851243983,3.663003663003663,-,-,-,23.289143676101755
41,Huila,15,203,218,4,17,21,-,-,-,239,7.993945918291215,54.56475869205854,38.95103783074881,2.2466735190208995,4.416685719036435,3.7303821865368727,-,-,-,21.289445601458013
41006,Acevedo,-,16,16,1,2,3,-,-,-,19,0,198.9307472336193,122.72762138528803,20.525451559934318,27.067262146433887,24.467824810374356,-,-,-,75.10475136374417
41013,Agrado,-,1,1,-,-,-,-,-,-,1,0,34.66204506065858,22.49212775528565,0,0,0,-,-,-,11.189437171310283
41016,Aipe,-,1,1,-,-,-,-,-,-,1,0,18.55976243504083,12.186205215695832,0,0,0,-,-,-,6.043756799226399
41020,Algeciras,2,20,22,-,2,2,-,-,-,24,50.54334091483447,260.62027625749283,189.14968618347518,0,27.820280984837947,18.27485380116959,-,-,-,106.31229235880399
41078,Baraya,-,2,2,-,-,-,-,-,-,2,0,62.833804586867736,44.533511467379206,0,0,0,-,-,-,24.186721489902045
41132,Campoalegre,2,14,16,-,-,-,-,-,-,16,39.94407829039345,132.36267372600926,102.6694045174538,0,0,0,-,-,-,51.02528940906337
41206,Colombia,-,2,2,-,-,-,-,-,-,2,0,77.39938080495357,52.27391531625719,0,0,0,-,-,-,28.312570781426956
41298,Garzón,-,5,5,1,-,1,-,-,-,6,0,20.716801325875284,13.49892008639309,8.278145695364238,0,2.695708432175976,-,-,-,8.09323405632891
41306,Gigante,-,5,5,-,-,-,-,-,-,5,0,59.701492537313435,40.71329696278805,0,0,0,-,-,-,20.221629054436626
41319,Guadalupe,1,1,2,-,-,-,-,-,-,2,30.22974607013301,16.67500416875104,21.493820526598604,0,0,0,-,-,-,10.927767457108512
41357,Íquira,-,1,1,-,-,-,-,-,-,1,0,33.266799733865604,21.039343572480536,0,0,0,-,-,-,10.700909577314071
41359,Isnos,1,1,2,-,-,-,-,-,-,2,23.46866932644919,11.471836641046231,15.410695022345509,0,0,0,-,-,-,7.7763521132236875
41378,La Argentina,-,1,1,-,-,-,-,-,-,1,0,23.815194093831863,14.988009592326138,0,0,0,-,-,-,7.59762953958365
41396,La Plata,-,10,10,-,-,-,-,-,-,10,0,50.558673340411545,31.61655442789845,0,0,0,-,-,-,16.03077909586406
41001,Neiva,4,62,66,1,7,8,-,-,-,74,7.237330148908068,51.919340791853685,37.78229384320348,1.8904663780554662,5.1159867276687185,4.216673782303674,-,-,-,20.306908739654453
41503,Oporapa,1,1,2,-,-,-,-,-,-,2,40.88307440719542,27.63957987838585,32.98153034300791,0,0,0,-,-,-,16.778523489932883
41524,Palermo,-,3,3,-,-,-,-,-,-,3,0,32.13367609254499,21.933031144904227,0,0,0,-,-,-,11.160299096015773
41530,Palestina,-,1,1,-,1,1,-,-,-,2,0,26.350461133069828,16.894745734076704,0,28.08199943836001,18.261504747991236,-,-,-,17.551557700745942
41548,Pital,-,1,1,-,-,-,-,-,-,1,0,23.030861354214647,14.2025280499929,0,0,0,-,-,-,7.180297264306742
41551,Pitalito,2,32,34,-,2,2,-,-,-,36,9.148712318741138,76.06189536735518,53.18150534943377,0,4.567670031516923,3.091285665708368,-,-,-,27.987250252662676
41615,Rivera,-,5,5,-,-,-,-,-,-,5,0,52.01831044527674,37.20238095238095,0,0,0,-,-,-,19.895746289443316
41660,Saladoblanco,-,2,2,-,-,-,-,-,-,2,0,61.74745291756715,36.79175864606328,0,0,0,-,-,-,18.926847733509984
41668,San Agustín,2,2,4,-,1,1,-,-,-,5,35.88087549336204,17.242865764290027,23.2923775694404,0,8.738203425375742,6.040836051709557,-,-,-,14.824917721706644
41676,Santa María,-,1,1,-,-,-,-,-,-,1,0,28.27254735651682,18.37222120154327,0,0,0,-,-,-,9.558401835213152
41770,Suaza,-,5,5,1,1,2,-,-,-,7,0,66.95232994108194,42.57493188010899,25.006251562890725,14.3143429716576,18.206645425580337,-,-,-,30.797659377887282
41791,Tarqui,-,1,1,-,-,-,-,-,-,1,0,17.17032967032967,11.048502927853276,0,0,0,-,-,-,5.640476056179141
41799,Tello,-,5,5,-,-,-,-,-,-,5,0,122.01073694485115,80.26970621287525,0,0,0,-,-,-,42.3728813559322
41801,Teruel,-,2,2,-,-,-,-,-,-,2,0,71.94244604316548,47.630388187663726,0,0,0,-,-,-,24.709661477637756
41885,Yaguará,-,-,-,-,1,1,-,-,-,1,0,0,0,0,36.127167630057805,25.92016588906169,-,-,-,12.78118609406953
44,La Guajira,7,169,176,2,8,10,-,-,-,186,3.5952932475256674,60.85813572444588,37.25703544075496,1.056016389374363,2.6321590613720787,2.027065376912536,-,-,-,19.26028095158214
44035,Albania,-,2,2,-,-,-,-,-,-,2,0,20.73828287017835,12.379301807378065,0,0,0,-,-,-,6.198667286533396
44078,Barrancas,1,9,10,-,-,-,-,-,-,10,13.517166801838336,77.34616706772087,52.537564358516335,0,0,0,-,-,-,26.076979242724523
44090,Dibulla,-,6,6,-,-,-,-,-,-,6,0,48.14250180534382,27.864208424279017,0,0,0,-,-,-,14.265335235378032
44279,Fonseca,-,8,8,-,-,-,-,-,-,8,0,60.15942246954429,36.631713906314396,0,0,0,-,-,-,17.95977011494253
44378,Hatonuevo,-,3,3,-,-,-,-,-,-,3,0,45.93477262287551,27.40226525392766,0,0,0,-,-,-,13.615939726773474
44430,Maicao,3,78,81,2,5,7,-,-,-,88,7.897438597414905,150.76542446265657,90.27785517648763,5.466273095003826,8.5090451149572,7.341450880449717,-,-,-,47.54906198668626
44560,Manaure,-,1,1,-,-,-,-,-,-,1,0,4.2749658002735975,2.1861746316295747,0,0,0,-,-,-,1.0703085699607195
44001,Riohacha,3,49,52,-,3,3,-,-,-,55,7.576905591756327,83.8237306692213,53.03416624171341,0,4.633634004695415,2.8904797232847415,-,-,-,27.249441386451576
44650,San Juan del Cesar,-,3,3,-,-,-,-,-,-,3,0,18.674136321195142,12.319822594554639,0,0,0,-,-,-,6.050338818973863
44847,Uribia,-,10,10,-,-,-,-,-,-,10,0,18.883244896803067,10.862716982771731,0,0,0,-,-,-,5.260832053197534
47,Magdalena,6,257,263,1,23,24,-,-,-,287,2.39557298113087,55.47700510517965,36.849339444065365,0.4211749939982563,4.83317152715612,3.364600755072486,-,-,-,20.111756898612917
47030,Algarrobo,-,2,2,-,-,-,-,-,-,2,0,38.255547054322875,23.03351376252447,0,0,0,-,-,-,11.915400655347037
47053,Aracataca,-,10,10,-,-,-,-,-,-,10,0,77.9848709350386,47.60544606302961,0,0,0,-,-,-,24.10103152414923
47058,Ariguaní,-,4,4,-,-,-,-,-,-,4,0,38.71467286101432,24.53536158989143,0,0,0,-,-,-,12.580990123922753
47189,Ciénaga,2,38,40,1,4,5,-,-,-,45,9.200478424878094,95.03326164157455,64.8046140885231,4.808385824878588,9.565258979386867,7.985307035055498,-,-,-,36.191380017532715
47245,El Banco,-,5,5,-,2,2,-,-,-,7,0,22.74277916761428,14.21302481594133,0,9.084302325581396,5.793407102717108,-,-,-,10.042897519404312
47268,El Retén,-,3,3,-,-,-,-,-,-,3,0,46.41807210273867,27.870680044593087,0,0,0,-,-,-,14.250427512825384
47288,Fundación,1,15,16,-,1,1,-,-,-,17,7.495689978262499,70.07708479327259,46.04846601047603,0,4.350095702105446,2.7975940691005734,-,-,-,24.116553886311728
47318,Guamal,-,2,2,-,-,-,-,-,-,2,0,21.92982456140351,13.886960144424384,0,0,0,-,-,-,7.163836951070993
47460,Nueva Granada,-,4,4,-,-,-,-,-,-,4,0,59.18910920390648,36.18272274988693,0,0,0,-,-,-,18.89823301521308
47541,Pedraza,-,1,1,-,-,-,-,-,-,1,0,31.97953309881676,20.68680182043856,0,0,0,-,-,-,10.764262648008613
47551,Pivijay,-,6,6,-,1,1,-,-,-,7,0,45.50280600637039,30.231269209452307,0,7.8064012490242,5.228484785109275,-,-,-,17.96115259282067
47555,Plato,-,8,8,-,1,1,-,-,-,9,0,38.20804279300793,24.493294960504564,0,5.006508460999299,3.1892840057407112,-,-,-,14.058765640376775
47570,Puebloviejo,-,7,7,-,-,-,-,-,-,7,0,67.38544474393531,42.77421326000611,0,0,0,-,-,-,21.747234994407854
47605,Remolino,-,1,1,-,-,-,-,-,-,1,0,24.00384061449832,16.212710765239947,0,0,0,-,-,-,8.382932349735938
47660,Sabanas de San Ángel,-,2,2,-,-,-,-,-,-,2,0,36.31741420010895,22.289089490694305,0,0,0,-,-,-,11.95886151638364
47703,San Zenón,-,1,1,-,-,-,-,-,-,1,0,26.00780234070221,15.765410688948448,0,0,0,-,-,-,8.03923144947343
47707,Santa Ana,-,1,1,-,-,-,-,-,-,1,0,11.834319526627219,7.404664938911514,0,0,0,-,-,-,3.835091083413231
47001,Santa Marta,-,114,114,-,13,13,-,-,-,127,0,64.47927330727768,43.651735730860246,0,6.602570939545845,4.685461373777275,-,-,-,23.579125604331132
47745,Sitionuevo,-,7,7,-,-,-,-,-,-,7,0,72.3663806471622,46.52399308786388,0,0,0,-,-,-,24.00631023011763
47980,Zona Bananera,3,26,29,-,1,1,-,-,-,30,20.67254685777288,113.51728955640937,77.5069488988668,0,4.451765124872012,2.7384505846591995,-,-,-,40.57727942867191
50,Meta,11,239,250,2,24,26,-,-,-,276,6.611609987137414,64.66082825380593,46.64222614016922,1.2687135244861711,6.489661158566758,4.929293082495511,-,-,-,25.953167696957276
50006,Acacías,1,16,17,-,2,2,-,-,-,19,7.458790184232118,46.59153781194491,35.603585490491746,0,6.396929473852551,4.537102152854972,-,-,-,20.690631499852987
50110,Barranca de Upía,-,5,5,-,-,-,-,-,-,5,0,240.84778420038535,152.114390021296,0,0,0,-,-,-,76.01094557616297
50124,Cabuyaro,-,1,1,-,-,-,-,-,-,1,0,43.49717268377555,29.342723004694836,0,0,0,-,-,-,16.149870801033593
50150,Castilla la Nueva,1,1,2,-,1,1,-,-,-,3,37.764350453172206,18.07991321641656,24.452867098667316,0,19.554165037152913,12.941633234114146,-,-,-,18.86080724254998
50226,Cumaral,-,1,1,-,1,1,-,-,-,2,0,12.764871074802146,8.691117677733358,0,12.306177701206005,8.555051758063136,-,-,-,8.622547962923043
50251,El Castillo,-,2,2,-,-,-,-,-,-,2,0,77.57951900698215,51.86721991701245,0,0,0,-,-,-,26.99784017278618
50287,Fuente de Oro,-,2,2,-,-,-,-,-,-,2,0,46.79457182966776,31.76115610608226,0,0,0,-,-,-,16.144656118824667
50313,Granada,-,21,21,-,1,1,-,-,-,22,0,92.44178368622617,61.585383735593425,0,3.9575747981636855,2.741378365041943,-,-,-,31.171628150814005
50318,Guamal,-,6,6,-,-,-,-,-,-,6,0,120.48192771084338,83.40283569641367,0,0,0,-,-,-,41.48803761582077
50350,La Macarena,-,26,26,-,3,3,-,-,-,29,0,281.8428184281843,173.22939569591577,0,40.10159069643096,23.00084336425669,-,-,-,103.37943818622558
50325,Mapiripán,-,3,3,2,-,2,-,-,-,5,0,133.27410039982232,77.53941586973379,124.76606363069246,0,60.8457560085184,-,-,-,69.8714365567356
50330,Mesetas,-,5,5,-,-,-,-,-,-,5,0,136.05442176870747,91.30752373995618,0,0,0,-,-,-,47.93863854266539
50450,Puerto Concordia,-,2,2,-,-,-,-,-,-,2,0,70.0280112044818,43.61098996947231,0,0,0,-,-,-,23.339946318123467
50568,Puerto Gaitán,1,15,16,-,4,4,-,-,-,20,10.905125408942203,106.42826734780758,68.7757909215956,0,34.96809161640004,19.664716582272256,-,-,-,45.86629973626877
50577,Puerto Lleras,-,3,3,-,-,-,-,-,-,3,0,81.65487207403375,53.90835579514825,0,0,0,-,-,-,28.97430944562488
50573,Puerto López,-,7,7,-,-,-,-,-,-,7,0,69.93705664901589,45.46930821695356,0,0,0,-,-,-,23.093164423330695
50590,Puerto Rico,-,2,2,-,-,-,-,-,-,2,0,41.71011470281543,28.612303290414882,0,0,0,-,-,-,15.535187199005748
50606,Restrepo,-,-,-,-,2,2,-,-,-,2,0,0,0,0,30.07066606525335,21.52620815843289,-,-,-,10.719262514738986
50680,San Carlos de Guaroa,-,3,3,-,-,-,-,-,-,3,0,68.50879196163507,44.510385756676556,0,0,0,-,-,-,23.300970873786408
50683,San Juan de Arama,-,5,5,-,-,-,-,-,-,5,0,151.46925174189641,106.90613641223007,0,0,0,-,-,-,56.401579244218844
50689,San Martín,-,12,12,-,-,-,-,-,-,12,0,135.37906137184115,91.44250552465137,0,0,0,-,-,-,45.284727725574555
50370,Uribe,1,9,10,-,-,-,-,-,-,10,54.585152838427945,257.80578630764825,187.86398647379298,0,0,0,-,-,-,105.46298249314489
50001,Villavicencio,7,84,91,-,8,8,-,-,-,99,8.96091759796203,43.94224733207784,33.79419705359165,0,3.9419547167951907,2.8982881985327413,-,-,-,18.155077369971135
50711,Vistahermosa,-,8,8,-,2,2,-,-,-,10,0,133.6898395721925,90.06980409817609,0,39.05487209529389,25.290844714213456,-,-,-,59.55926146515784
52,Nariño,15,322,337,4,31,35,-,-,-,372,6.404891629233634,57.36202384621277,42.36100374209817,1.78557080234624,5.098449413513851,4.206498198416915,-,-,-,22.85589298035315
52019,Albán,-,-,-,-,1,1,-,-,-,1,0,0,0,0,27.870680044593087,21.570319240724764,-,-,-,10.729613733905579
52022,Aldana,-,1,1,-,-,-,-,-,-,1,0,39.35458480913026,28.34467120181406,0,0,0,-,-,-,13.585110718652356
52079,Barbacoas,-,6,6,-,-,-,-,-,-,6,0,36.59429129055867,20.911752404851526,0,0,0,-,-,-,10.614584439019213
52110,Buesaco,-,4,4,-,-,-,-,-,-,4,0,45.62043795620438,33.664366268305,0,0,0,-,-,-,16.729401923881223
52203,Colón,-,-,-,1,1,2,-,-,-,2,0,0,0,107.18113612004286,31.625553447185325,48.84004884004884,-,-,-,24.05002405002405
52227,Cumbal,-,1,1,-,1,1,-,-,-,2,0,7.826563356030368,5.546004104043037,0,7.225955632632416,5.262603936427745,-,-,-,5.400588664164394
52250,El Charco,-,1,1,-,-,-,-,-,-,1,0,15.593326056447841,8.795848359574281,0,0,0,-,-,-,4.434589800443459
52520,Francisco Pizarro,-,3,3,-,-,-,-,-,-,3,0,67.78129236330773,41.88189306156639,0,0,0,-,-,-,21.189433535810142
52287,Funes,-,1,1,-,-,-,-,-,-,1,0,37.34129947722181,28.10567734682406,0,0,0,-,-,-,14.01541695865452
52323,Gualmatán,-,1,1,-,-,-,-,-,-,1,0,39.07776475185619,30.012004801920767,0,0,0,-,-,-,14.204545454545453
52356,Ipiales,2,38,40,1,1,2,-,-,-,42,12.397718819737168,96.21714690839116,71.90881961672599,6.445790898543251,2.2373366744227674,3.321707357581797,-,-,-,36.25815808556926
52399,La Unión,-,1,1,-,-,-,-,-,-,1,0,8.424599831508003,6.354855109303508,0,0,0,-,-,-,3.1495071021385153
52405,Leiva,-,5,5,-,-,-,-,-,-,5,0,141.28284826222097,100.86746015735324,0,0,0,-,-,-,52.241145125901156
52411,Linares,-,1,1,-,-,-,-,-,-,1,0,25.438819638768763,19.96007984031936,0,0,0,-,-,-,9.988014382740712
52427,Magüí,-,2,2,-,-,-,-,-,-,2,0,28.498147620404676,15.398829688943641,0,0,0,-,-,-,7.829933837059078
52473,Mosquera,-,2,2,-,-,-,-,-,-,2,0,48.56726566294317,31.446540880503143,0,0,0,-,-,-,15.895724050230488
52490,Olaya Herrera,-,1,1,-,-,-,-,-,-,1,0,14.094432699083862,7.971938775510203,0,0,0,-,-,-,3.9666798889329633
52001,Pasto,1,52,53,1,7,8,-,-,-,61,2.202449123425249,37.21276397804447,28.626830361724306,2.277748673211398,4.280167537986487,3.8563881068990784,-,-,-,15.537878035299004
52540,Policarpa,-,4,4,-,-,-,-,-,-,4,0,113.25028312570782,82.06811653672548,0,0,0,-,-,-,40.903977911851925
52560,Potosí,-,1,1,-,-,-,-,-,-,1,0,28.066236317709798,20.28809089064719,0,0,0,-,-,-,9.942334460131239
52612,Ricaurte,-,3,3,-,-,-,-,-,-,3,0,49.45598417408506,29.52755905511811,0,0,0,-,-,-,14.957371491249939
52621,Roberto Payán,1,4,5,-,-,-,-,-,-,5,36.58982802780827,110.04126547455296,78.5175879396985,0,0,0,-,-,-,39.3886875689302
52678,Samaniego,-,10,10,-,2,2,-,-,-,12,0,96.78668215253582,73.09941520467837,0,18.43487879067195,14.222727919214906,-,-,-,43.25571335880614
52835,San Andrés de Tumaco,11,171,182,1,16,17,-,-,-,199,23.690048026188272,213.77404958057784,143.9600075934949,2.225535797743307,18.670867611879338,13.014055179593962,-,-,-,77.41624262795077
52693,San Pablo,-,1,1,-,1,1,-,-,-,2,0,18.23819077147547,14.021312394840157,0,16.837851490149855,13.053126223730585,-,-,-,13.51990806462516
52683,Sandoná,-,1,1,-,1,1,-,-,-,2,0,13.440860215053764,10.242753252074158,0,12.515644555694617,9.9930048965724,-,-,-,10.11633788568538
52696,Santa Bárbara,-,3,3,-,-,-,-,-,-,3,0,74.53416149068323,44.88330341113106,0,0,0,-,-,-,22.655188038060718
52720,Sapuyes,-,1,1,-,-,-,-,-,-,1,0,37.27171077152441,27.808676307007786,0,0,0,-,-,-,13.827433628318584
52788,Tangua,-,1,1,-,-,-,-,-,-,1,0,20.012007204322593,15.24390243902439,0,0,0,-,-,-,7.506943923128894
52838,Túquerres,-,2,2,-,-,-,-,-,-,2,0,12.32134056185313,9.155832265152902,0,0,0,-,-,-,4.48681996634885
54,Norte de Santander,9,549,558,3,35,38,-,-,-,596,3.5667154117772943,100.4686707939953,69.85723084935377,1.2498541836785708,6.018730288658305,4.625425721748995,-,-,-,36.78290310914277
54003,Ábrego,-,13,13,-,-,-,-,-,-,13,0,117.91383219954649,76.2866028988909,0,0,0,-,-,-,38.313047066104744
54051,Arboledas,-,2,2,-,-,-,-,-,-,2,0,53.676865271068166,37.04389701796629,0,0,0,-,-,-,19.88862370723946
54109,Bucarasica,-,3,3,-,-,-,-,-,-,3,0,137.67783386874711,85.61643835616438,0,0,0,-,-,-,45.358330813426065
54174,Chitagá,-,4,4,-,-,-,-,-,-,4,0,92.74287039183862,62.053986968662734,0,0,0,-,-,-,32.27368081329676
54206,Convención,1,16,17,-,-,-,-,-,-,17,26.638252530633988,253.80710659898475,169.01968582223105,0,0,0,-,-,-,86.52720517127297
54001,Cúcuta,5,257,262,2,20,22,-,-,-,284,4.421922121107603,97.46662621359224,69.54158294691747,1.8533619986655796,6.838986325446842,5.495150529657577,-,-,-,36.54585088778107
54245,El Carmen,-,6,6,-,-,-,-,-,-,6,0,130.74743952930922,82.25939128050453,0,0,0,-,-,-,42.72591326639607
54250,El Tarra,-,8,8,-,2,2,-,-,-,10,0,120.3550473897999,69.4504731313482,0,34.03096818104475,19.217834150091285,-,-,-,45.60795402718234
54261,El Zulia,-,4,4,-,1,1,-,-,-,5,0,40.70418235473695,26.732607097507188,0,10.288065843621398,6.930487213251092,-,-,-,17.011431682090365
54313,Gramalote,-,1,1,-,-,-,-,-,-,1,0,31.259768677711783,23.4246896228625,0,0,0,-,-,-,12.997140629061604
54344,Hacarí,-,4,4,-,-,-,-,-,-,4,0,126.0239445494644,72.62164124909224,0,0,0,-,-,-,37.725172121097806
54347,Herrán,-,1,1,-,-,-,-,-,-,1,0,37.86444528587656,27.0929287455974,0,0,0,-,-,-,13.650013650013651
54385,La Esperanza,-,1,1,-,-,-,-,-,-,1,0,25.65418163160595,15.586034912718205,0,0,0,-,-,-,8.082114281095935
54398,La Playa,-,2,2,-,-,-,-,-,-,2,0,73.71913011426466,48.1000481000481,0,0,0,-,-,-,24.990628514307136
54405,Los Patios,-,13,13,-,-,-,-,-,-,13,0,39.85773853323522,27.94557062705561,0,0,0,-,-,-,13.37173421106768
54498,Ocaña,1,37,38,-,2,2,-,-,-,40,5.280109826284386,85.77721108148836,61.21725682250217,0,4.132060658650469,2.974685427016093,-,-,-,30.93389426794939
54518,Pamplona,1,3,4,-,-,-,-,-,-,4,14.190435646374343,15.953203935123637,15.472690700912887,0,0,0,-,-,-,7.4199113320595815
54553,Puerto Santander,-,23,23,1,4,5,-,-,-,28,0,804.7585724282715,500.9801786103245,62.85355122564425,129.87012987012986,107.04345964461571,-,-,-,302.31051608723817
54670,San Calixto,-,1,1,-,-,-,-,-,-,1,0,25.77319587628866,15.52312946289972,0,0,0,-,-,-,8.21422704123542
54673,San Cayetano,-,1,1,-,-,-,-,-,-,1,0,37.95066413662239,25.419420437214033,0,0,0,-,-,-,12.836970474967908
54720,Sardinata,1,17,18,-,1,1,-,-,-,19,19.650225977598744,190.30560841822455,128.36970474967907,0,12.58970162407151,7.823501799405413,-,-,-,70.88494254588868
54743,Silos,-,1,1,-,1,1,-,-,-,2,0,43.04778303917348,29.163021289005545,0,47.25897920604915,32.08213025344883,-,-,-,30.553009471432937
54800,Teorama,-,4,4,-,-,-,-,-,-,4,0,74.57121551081282,44.23310848169855,0,0,0,-,-,-,22.637238256932655
54810,Tibú,-,81,81,-,2,2,-,-,-,83,0,437.7668486191429,262.450183067103,0,11.951715071112705,7.1792662789862876,-,-,-,141.34636671718806
54820,Toledo,-,2,2,-,-,-,-,-,-,2,0,34.65603881476348,23.721978412999643,0,0,0,-,-,-,12.25114854517611
54874,Villa del Rosario,-,44,44,-,2,2,-,-,-,46,0,118.2128368394186,81.63719687552182,0,4.806652406931193,3.486932719633175,-,-,-,41.34682797921872
86,Putumayo,9,131,140,2,15,17,-,-,-,157,14.668731154755113,109.8458803602274,77.51380022479002,3.3802626464076257,12.568393005270346,9.523062616937606,-,-,-,43.71712513957458
86001,Mocoa,-,5,5,-,4,4,-,-,-,9,0,24.82128673550437,17.35448266287182,0,18.509949097639982,13.27712682975404,-,-,-,15.270284027282907
86320,Orito,-,10,10,1,1,2,-,-,-,12,0,80.49585446349514,51.875291798516365,15.169902912621358,7.766990291262136,10.273796681563672,-,-,-,30.972537683254178
86568,Puerto Asís,2,36,38,-,4,4,-,-,-,42,18.006662465112093,159.0738367725686,112.6326397533938,0,17.584736448762474,11.94992979416246,-,-,-,62.48977101962476
86569,Puerto Caicedo,-,15,15,-,-,-,-,-,-,15,0,263.8986629134412,180.57060310581437,0,0,0,-,-,-,93.70900231148872
86571,Puerto Guzmán,1,17,18,-,3,3,-,-,-,21,13.319126265316994,144.1777627003647,93.2690812995492,0,29.44929812506135,17.275135321893355,-,-,-,57.275330696849856
86573,Puerto Leguízamo,3,19,22,1,1,2,-,-,-,24,49.858733588166864,197.11588339039318,140.52120592743995,17.018379850238258,12.559658377292138,14.452955629426219,-,-,-,81.37248253882146
86757,San Miguel,-,7,7,-,-,-,-,-,-,7,0,109.64912280701753,71.0804224207961,0,0,0,-,-,-,36.019347535247505
86760,Santiago,-,1,1,-,-,-,-,-,-,1,0,42.88164665523156,28.280542986425342,0,0,0,-,-,-,13.683634373289546
86865,Valle del Guamuez,-,11,11,-,2,2,-,-,-,13,0,95.05703422053232,63.31299643144929,0,16.733601070950467,11.570056693277797,-,-,-,37.507212925562605
86885,Villagarzón,3,10,13,-,-,-,-,-,-,13,70.77140835102618,128.25445684237528,108.00930541708209,0,0,0,-,-,-,53.95086321381142
63,Quindío,5,144,149,1,14,15,-,-,-,164,7.83711343437985,70.76932149913013,55.74740811966611,1.6426834877455812,6.160670280926565,5.206091821576821,-,-,-,29.528214749343267
63001,Armenia,1,73,74,-,7,7,-,-,-,81,3.0291097446460484,66.04541753370125,51.55249646447405,0,5.410209838853035,4.341866134064421,-,-,-,26.577942276646848
63130,Calarcá,1,17,18,-,2,2,-,-,-,20,11.336583153837434,60.785926270247074,48.928998586495595,0,6.7512827437213065,5.2490682903784585,-,-,-,26.705835224996665
63190,Circasia,1,6,7,1,1,2,-,-,-,9,29.64719833975689,56.53443889569397,50.05005005005005,30.413625304136254,8.484642796538266,13.267878466233249,-,-,-,30.97040605643496
63272,Filandia,-,1,1,-,-,-,-,-,-,1,0,21.724961981316532,16.50709805216243,0,0,0,-,-,-,8.157272208173588
63401,La Tebaida,1,14,15,-,1,1,-,-,-,16,21.992522542335607,112.06275514288001,88.02816901408451,0,7.42831674342594,5.629679671226707,-,-,-,45.973048300433874
63470,Montenegro,-,18,18,-,1,1,-,-,-,19,0,130.80444735120994,97.27626459143968,0,6.897503103876396,5.259282633848743,-,-,-,50.64235833466602
63548,Pijao,-,1,1,-,-,-,-,-,-,1,0,51.4668039114771,37.67897513187641,0,0,0,-,-,-,19.527436047646944
63594,Quimbaya,1,13,14,-,2,2,-,-,-,16,26.874496103198062,114.20539400860933,92.6906779661017,0,15.956598053295037,12.470382840753212,-,-,-,51.377560850298636
63690,Salento,-,1,1,-,-,-,-,-,-,1,0,26.896180742334586,20.39983680130559,0,0,0,-,-,-,10.4942806170637
66,Risaralda,5,191,196,1,10,11,-,-,-,207,4.208010368537548,56.22724047890301,42.74678635766847,0.8819197629399677,2.569689992599293,2.1888761314997183,-,-,-,21.53882972358502
66045,Apía,-,3,3,-,-,-,-,-,-,3,0,65.00541711809318,47.747891134808214,0,0,0,-,-,-,24.547909336388184
66075,Balboa,-,3,3,-,-,-,-,-,-,3,0,121.90166598943519,90.19843656043295,0,0,0,-,-,-,47.64173415912339
66088,Belén de Umbría,-,7,7,-,1,1,-,-,-,8,0,77.73459189339256,56.08075628905624,0,11.052166224580017,8.179290037624735,-,-,-,32.37817710862878
66170,Dosquebradas,1,33,34,-,2,2,-,-,-,36,3.846745653177412,42.02857943401513,32.53152687678206,0,2.1315371580215072,1.67689573062347,-,-,-,16.087084752124834
66318,Guática,-,2,2,-,-,-,-,-,-,2,0,43.62050163576881,32.26326826907566,0,0,0,-,-,-,16.515276630883566
66383,La Celia,-,5,5,-,-,-,-,-,-,5,0,170.18379850238256,127.48597654258032,0,0,0,-,-,-,67.330999192028
66400,La Virginia,-,11,11,-,-,-,-,-,-,11,0,113.93060590367686,83.63746958637469,0,0,0,-,-,-,39.31239055073085
66440,Marsella,-,5,5,1,1,2,-,-,-,7,0,81.75277959450621,59.69436485195798,45.433893684688776,16.28929793125916,23.980815347721823,-,-,-,41.87604690117253
66456,Mistrató,-,1,1,-,-,-,-,-,-,1,0,20.496003279360526,11.436413540713632,0,0,0,-,-,-,5.794749956539375
66001,Pereira,4,100,104,-,6,6,-,-,-,110,7.281597582509602,59.113533452348584,46.40806072316253,0,2.992473928070902,2.3722165991902835,-,-,-,23.0594913914726
66572,Pueblo Rico,-,2,2,-,-,-,-,-,-,2,0,49.06771344455348,23.99232245681382,0,0,0,-,-,-,12.158054711246201
66594,Quinchía,-,1,1,-,-,-,-,-,-,1,0,10.357327809425168,7.221259387637203,0,0,0,-,-,-,3.6664955635403684
66682,Santa Rosa de Cabal,-,11,11,-,-,-,-,-,-,11,0,37.49147920927062,28.297275744089728,0,0,0,-,-,-,13.858791513380034
66687,Santuario,-,7,7,-,-,-,-,-,-,7,0,149.4449188727583,110.062893081761,0,0,0,-,-,-,56.29724947723983
68,Santander,11,253,264,3,25,28,-,-,-,292,3.5242629484624604,31.461400716275367,23.64993791891296,1.0084575977195414,2.8830341512693423,2.40420529852502,-,-,-,12.80191923567281
68077,Barbosa,-,2,2,-,-,-,-,-,-,2,0,18.045655508436344,12.636633600808745,0,0,0,-,-,-,6.125011484396533
68081,Barrancabermeja,2,23,25,-,3,3,-,-,-,28,6.191183754333828,32.730895118827384,24.372648039464192,0,3.881887114722704,2.7737968656095418,-,-,-,13.287207740747597
68101,Bolívar,-,2,2,-,-,-,-,-,-,2,0,50.80010160020319,35.72066440435792,0,0,0,-,-,-,18.214936247723134
68001,Bucaramanga,4,94,98,2,12,14,-,-,-,112,5.473603546895099,43.594000723474906,33.94480159609843,2.8389331289301483,4.833350115799013,4.392515154177282,-,-,-,18.438399283536484
68190,Cimitarra,-,12,12,-,1,1,-,-,-,13,0,97.79951100244497,67.9040289723857,0,8.774238834781084,5.97692905385213,-,-,-,37.78740226143069
68235,El Carmen de Chucurí,-,1,1,-,-,-,-,-,-,1,0,13.017443374121324,8.874689385871495,0,0,0,-,-,-,4.582951420714941
68250,El Peñón,-,1,1,-,-,-,-,-,-,1,0,52.27391531625719,34.141345168999656,0,0,0,-,-,-,18.158707100054475
68255,El Playón,-,2,2,-,-,-,-,-,-,2,0,41.262636682484015,27.75850104094379,0,0,0,-,-,-,14.247043738424276
68276,Floridablanca,1,29,30,-,4,4,-,-,-,34,2.6136274535427724,27.026523270768482,20.609632942437294,0,3.1859563046092823,2.4640707681124603,-,-,-,11.042689739392522
68307,Girón,-,21,21,1,2,3,-,-,-,24,0,34.74117822224428,24.913987424368255,4.358058049333217,3.0927197377373665,3.4241103020065284,-,-,-,13.961280714817573
68318,Guaca,-,1,1,-,-,-,-,-,-,1,0,44.18912947414936,31.97953309881676,0,0,0,-,-,-,16.923337282112033
68322,Guapotá,-,1,1,-,-,-,-,-,-,1,0,104.27528675703859,80.12820512820512,0,0,0,-,-,-,41.44218814753419
68327,Güepsa,-,-,-,-,1,1,-,-,-,1,0,0,0,0,51.22950819672131,38.02281368821293,-,-,-,18.835938971557734
68377,La Belleza,-,1,1,-,-,-,-,-,-,1,0,44.1306266548985,31.47623544224111,0,0,0,-,-,-,16.18646811265782
68397,La Paz,-,1,1,-,-,-,-,-,-,1,0,51.81347150259067,38.729666924864446,0,0,0,-,-,-,20.337604230221682
68385,Landázuri,-,1,1,-,-,-,-,-,-,1,0,26.518164942985948,18.365472910927455,0,0,0,-,-,-,9.444654325651682
68406,Lebrija,-,3,3,-,-,-,-,-,-,3,0,18.811136192626034,13.313806417254693,0,0,0,-,-,-,6.792094002580996
68432,Málaga,-,1,1,-,-,-,-,-,-,1,0,13.702384214853385,9.611687812379854,0,0,0,-,-,-,4.614248800295312
68500,Oiba,-,1,1,-,-,-,-,-,-,1,0,25.01250625312656,17.853954650955185,0,0,0,-,-,-,8.94854586129754
68547,Piedecuesta,-,25,25,-,1,1,-,-,-,26,0,39.46205328955676,28.146813780680027,0,1.427592507994518,1.0622589999893775,-,-,-,14.210834121305865
68575,Puerto Wilches,2,9,11,-,-,-,-,-,-,11,31.969309462915604,79.21837866385002,62.439688936822385,0,0,0,-,-,-,32.15810091796761
68615,Rionegro,-,5,5,-,-,-,-,-,-,5,0,49.985004498650405,35.031177748195894,0,0,0,-,-,-,18.476091937033477
68655,Sabana de Torres,1,9,10,-,-,-,-,-,-,10,16.281341582546403,79.13479293062517,57.09391949757351,0,0,0,-,-,-,28.938534552610253
68679,San Gil,-,1,1,-,-,-,-,-,-,1,0,4.817187725805675,3.4932057148845495,0,0,0,-,-,-,1.6758840288252053
68689,San Vicente de Chucurí,-,3,3,-,-,-,-,-,-,3,0,24.475809741372277,17.111567419575632,0,0,0,-,-,-,8.9304319352246
68745,Simacota,-,2,2,-,-,-,-,-,-,2,0,51.38746145940391,36.65689149560117,0,0,0,-,-,-,19.557989438685702
68755,Socorro,1,-,1,-,-,-,-,-,-,1,23.496240601503757,0,6.214654154496301,0,0,0,-,-,-,2.973712382538361
68773,Sucre,-,2,2,-,1,1,-,-,-,3,0,78.74015748031496,55.141990625861595,0,39.714058776806986,29.09514111143439,-,-,-,42.468856172140434
70,Sucre,5,117,122,-,9,9,-,-,-,131,3.2019057743168733,36.55633111912365,25.61889582558992,0,2.7752166981705155,1.902583496990747,-,-,-,13.800339635839588
70110,Buenavista,1,-,1,-,-,-,-,-,-,1,55.865921787709496,0,18.23486506199854,0,0,0,-,-,-,9.12075884713608
70204,Coloso,-,2,2,-,-,-,-,-,-,2,0,63.877355477483235,43.71584699453552,0,0,0,-,-,-,22.904260192395785
70215,Corozal,-,12,12,-,2,2,-,-,-,14,0,49.281314168377826,34.41057551687552,0,7.78755548633284,5.558643690939411,-,-,-,19.75921979309274
70221,Coveñas,-,3,3,-,1,1,-,-,-,4,0,37.04161007531794,27.252906976744185,0,17.132088401576155,11.753643629525152,-,-,-,20.496003279360526
70233,El Roble,-,1,1,-,-,-,-,-,-,1,0,26.954177897574127,18.618506795754982,0,0,0,-,-,-,9.579461634256155
70235,Galeras,-,4,4,-,-,-,-,-,-,4,0,51.380860629415544,33.692722371967655,0,0,0,-,-,-,17.213185299939756
70418,Los Palmitos,-,1,1,-,-,-,-,-,-,1,0,12.097749818533753,8.244023083264633,0,0,0,-,-,-,4.186903366270307
70429,Majagual,-,6,6,-,-,-,-,-,-,6,0,46.09356994699239,30.217566478646255,0,0,0,-,-,-,15.663342557301727
70508,Ovejas,-,1,1,-,-,-,-,-,-,1,0,11.95457262402869,8.299443937256203,0,0,0,-,-,-,4.266939750810719
70670,Sampués,-,6,6,-,-,-,-,-,-,6,0,36.52523284835941,24.296416278598905,0,0,0,-,-,-,12.290296810667977
70678,San Benito Abad,-,4,4,-,-,-,-,-,-,4,0,38.35458816760955,25.680534155110426,0,0,0,-,-,-,13.434540202861557
70702,San Juan de Betulia,-,1,1,-,-,-,-,-,-,1,0,19.49317738791423,13.777900248002206,0,0,0,-,-,-,7.0467197519554645
70742,San Luis de Sincé,1,1,2,-,-,-,-,-,-,2,20.337604230221682,8.951750067138125,12.431626056688215,0,0,0,-,-,-,6.2690029150863555
70708,San Marcos,1,10,11,-,-,-,-,-,-,11,9.349289454001495,51.34524543027316,36.45764284767334,0,0,0,-,-,-,18.162005085361425
70713,San Onofre,-,10,10,-,1,1,-,-,-,11,0,62.519537355423566,38.513383400731755,0,6.242976651267325,3.9770919503658924,-,-,-,21.52262810855231
70717,San Pedro,-,2,2,-,2,2,-,-,-,4,0,30.211480362537763,20.680384655154587,0,30.36744609778318,20.96655833944858,-,-,-,20.82248828735034
70820,Santiago de Tolú,-,10,10,-,1,1,-,-,-,11,0,92.94544102611768,59.63384817222256,0,8.752735229759299,5.764353239566521,-,-,-,32.24199079637717
70001,Sincelejo,1,38,39,-,2,2,-,-,-,41,2.1955824880340757,39.34684241589612,27.44101939868987,0,1.8494031051478137,1.317280080090629,-,-,-,13.947902881772812
70771,Sucre,-,1,1,-,-,-,-,-,-,1,0,8.954154727793696,6.041931001147967,0,0,0,-,-,-,3.2452781203349126
70823,Tolú Viejo,1,4,5,-,-,-,-,-,-,5,27.277686852154936,52.36973029588898,44.232130219391365,0,0,0,-,-,-,22.43259006684912
73,Tolima,11,190,201,1,14,15,-,-,-,216,5.933949744840161,39.76525939506576,30.30860492959658,0.5690094683175528,2.793987339245943,2.2162465648178244,-,-,-,16.11942704392096
73024,Alpujarra,-,2,2,-,-,-,-,-,-,2,0,118.83541295306001,86.95652173913044,0,0,0,-,-,-,44.86316733961417
73026,Alvarado,-,1,1,-,-,-,-,-,-,1,0,31.036623215394165,22.4870699347875,0,0,0,-,-,-,11.474469305794607
73043,Anzoátegui,-,9,9,-,-,-,-,-,-,9,0,252.52525252525254,171.854114951308,0,0,0,-,-,-,89.94603238057165
73055,Armero Guayabal,-,2,2,-,-,-,-,-,-,2,0,44.83299708585519,32.6477309826967,0,0,0,-,-,-,16.61405549094534
73067,Ataco,-,4,4,-,-,-,-,-,-,4,0,61.77606177606178,39.92015968063872,0,0,0,-,-,-,20.923785112726893
73124,Cajamarca,-,1,1,-,-,-,-,-,-,1,0,15.019525382997898,10.508617065994116,0,0,0,-,-,-,5.422405379026136
73148,Carmen de Apicalá,-,2,2,-,-,-,-,-,-,2,0,52.0697734964853,38.29216925138809,0,0,0,-,-,-,19.142419601837673
73152,Casabianca,-,1,1,-,1,1,-,-,-,2,0,42.052144659377625,29.638411381149968,0,50.30181086519115,34.21142661648991,-,-,-,31.76115610608226
73168,Chaparral,-,4,4,-,3,3,-,-,-,7,0,23.080030004039006,15.450577465332767,0,17.750428968700078,12.071463061323032,-,-,-,13.795549949744782
73200,Coello,-,2,2,-,-,-,-,-,-,2,0,65.63833278634722,47.49465685110425,0,0,0,-,-,-,24.03846153846154
73217,Coyaima,-,1,1,-,-,-,-,-,-,1,0,12.88659793814433,8.716875871687586,0,0,0,-,-,-,4.44642063139173
73226,Cunday,-,2,2,-,1,1,-,-,-,3,0,63.17119393556538,45.777065690089266,0,35.46099290780142,24.98126405196103,-,-,-,35.8337314859054
73268,Espinal,-,11,11,-,-,-,-,-,-,11,0,42.83155517483062,31.55931717113757,0,0,0,-,-,-,15.489685277758221
73270,Falan,-,2,2,-,-,-,-,-,-,2,0,70.9471443774388,52.16484089723526,0,0,0,-,-,-,27.078256160303276
73275,Flandes,1,4,5,-,1,1,-,-,-,6,25.53626149131767,39.350713231677325,35.50884170158369,0,9.1424392027793,6.8804183294344305,-,-,-,20.968023763760268
73283,Fresno,-,8,8,-,-,-,-,-,-,8,0,69.81411990575094,49.978134566127316,0,0,0,-,-,-,25.64842422493668
73319,Guamo,-,3,3,-,1,1,-,-,-,4,0,25.297242600556537,18.478595626732368,0,8.077544426494347,6.047046018020197,-,-,-,12.205541315757355
73347,Herveo,-,2,2,-,-,-,-,-,-,2,0,76.27765064836004,54.01026194977045,0,0,0,-,-,-,27.72771384999307
73349,Honda,-,5,5,-,-,-,-,-,-,5,0,54.951093526761184,41.555851063829785,0,0,0,-,-,-,20.373237714937655
73001,Ibagué,6,53,59,1,3,4,-,-,-,63,9.028258448945198,27.630501988874812,22.843867970186817,1.5620362704822006,1.371071309418803,1.4142971296839753,-,-,-,11.642928030072019
73352,Icononzo,-,1,1,-,-,-,-,-,-,1,0,22.456770716370986,16.181229773462782,0,0,0,-,-,-,8.408307407718826
73408,Lérida,-,1,1,-,-,-,-,-,-,1,0,15.101177891875567,10.957703265395574,0,0,0,-,-,-,5.371434710211097
73411,Líbano,-,4,4,-,1,1,-,-,-,5,0,30.76923076923077,22.380126447714428,0,7.259001161440186,5.447216472382613,-,-,-,13.800336728216168
73449,Melgar,-,1,1,-,1,1,-,-,-,2,0,7.23222680263253,5.25154920701607,0,7.275902211874272,5.364806866952789,-,-,-,5.307573907966669
73461,Murillo,-,1,1,-,-,-,-,-,-,1,0,64.6830530401035,44.742729306487696,0,0,0,-,-,-,24.137098720733768
73483,Natagaima,-,3,3,-,-,-,-,-,-,3,0,55.2689756816507,40.972411909314395,0,0,0,-,-,-,20.44711014176663
73504,Ortega,1,1,2,-,-,-,-,-,-,2,17.316017316017316,8.327781479013991,11.246696282966878,0,0,0,-,-,-,5.827505827505828
73520,Palocabildo,-,2,2,-,-,-,-,-,-,2,0,56.48121999435188,39.42440370589395,0,0,0,-,-,-,20.37905033625433
73555,Planadas,-,8,8,-,1,1,-,-,-,9,0,97.81146839466926,59.746079163554896,0,13.07531380753138,8.058667096462244,-,-,-,34.885073064847475
73563,Prado,-,1,1,-,-,-,-,-,-,1,0,32.102728731942214,23.089355806972986,0,0,0,-,-,-,11.883541295306001
73585,Purificación,1,2,3,-,-,-,-,-,-,3,31.867431485022305,23.479690068091102,25.737817433081677,0,0,0,-,-,-,12.745347947998981
73616,Rioblanco,-,4,4,-,-,-,-,-,-,4,0,55.35566011624688,33.672868086539275,0,0,0,-,-,-,17.685811557677855
73622,Roncesvalles,-,1,1,-,-,-,-,-,-,1,0,52.02913631633715,34.44712366517396,0,0,0,-,-,-,18.25150574922431
73624,Rovira,1,8,9,-,-,-,-,-,-,9,28.145229383619476,106.7378252168112,81.46270818247648,0,0,0,-,-,-,41.877995439951604
73671,Saldaña,-,3,3,-,-,-,-,-,-,3,0,58.90437855880621,42.19409282700422,0,0,0,-,-,-,20.72825260830512
73675,San Antonio,-,2,2,-,-,-,-,-,-,2,0,45.67252797442339,30.413625304136254,0,0,0,-,-,-,15.910898965791569
73678,San Luis,-,5,5,-,-,-,-,-,-,5,0,99.14733293674401,72.97139521307648,0,0,0,-,-,-,37.17195747528065
73443,San Sebastián de Mariquita,1,17,18,-,1,1,-,-,-,19,19.282684149633628,124.55124917576379,95.56676400318557,0,6.898454746136865,5.1287311519130165,-,-,-,49.565648396942585
73686,Santa Isabel,-,3,3,-,-,-,-,-,-,3,0,144.8575567358764,99.66777408637873,0,0,0,-,-,-,52.882072977260705
73854,Valle de San Juan,-,2,2,-,-,-,-,-,-,2,0,99.35419771485346,73.23324789454414,0,0,0,-,-,-,37.3134328358209
73861,Venadillo,-,1,1,-,-,-,-,-,-,1,0,21.477663230240548,15.323322096230463,0,0,0,-,-,-,7.859781498074354
76,Valle del Cauca,102,1742,1844,8,134,142,-,-,-,1986,16.00143071615815,115.28979632356591,85.8305972115296,1.2844225236333744,7.609805518358373,5.9570405087144795,-,-,-,43.820242569093004
76020,Alcalá,-,12,12,-,1,1,-,-,-,13,0,238.94862604540023,166.85205784204672,0,19.766752322593398,14.078558355624384,-,-,-,90.94088842252536
76036,Andalucía,-,12,12,-,1,1,-,-,-,13,0,155.440414507772,109.75944388548432,0,11.640088464672331,8.575593859874797,-,-,-,57.537399309551205
76041,Ansermanuevo,1,11,12,-,-,-,-,-,-,12,34.78260869565218,187.64926646195838,137.34691541719127,0,0,0,-,-,-,69.3000693000693
76054,Argelia,-,2,2,-,-,-,-,-,-,2,0,104.8767697954903,73.20644216691069,0,0,0,-,-,-,38.6324125941665
76100,Bolívar,-,8,8,-,1,1,-,-,-,9,0,148.3404413128129,101.45846544071021,0,18.935807612194658,12.773023374632777,-,-,-,57.2737686139748
76109,Buenaventura,4,71,75,-,6,6,-,-,-,81,6.27677436565349,84.13717915294006,50.63701363148407,0,5.929088106249258,3.6649278620032497,-,-,-,25.975941788235144
76113,Bugalagrande,-,10,10,-,-,-,-,-,-,10,0,116.34671320535195,82.9531314807134,0,0,0,-,-,-,40.87471898630697
76122,Caicedonia,1,16,17,-,-,-,-,-,-,17,25.59508574353724,156.3721657544957,120.23481151425136,0,0,0,-,-,-,59.605203183619096
76001,Cali,56,794,850,2,72,74,-,-,-,924,19.12091589187122,104.74989313927777,80.88543862270178,0.6936761018177782,7.882394671501202,6.157702078723724,-,-,-,41.018975271417766
76126,Calima,-,6,6,-,-,-,-,-,-,6,0,92.52120277563608,65.95580960756293,0,0,0,-,-,-,32.847914157451
76130,Candelaria,8,56,64,1,2,3,-,-,-,67,53.84304751648943,181.98362147406735,140.25860179706333,7.138777841233581,5.784861018714025,6.175253700006175,-,-,-,71.11696086444258
76147,Cartago,1,36,37,-,3,3,-,-,-,40,5.614823133071308,77.97946540744272,57.83418782043267,0,5.3935493150192375,4.091318222731364,-,-,-,29.132860409899347
76233,Dagua,-,12,12,-,1,1,-,-,-,13,0,69.82833866744254,48.632218844984806,0,5.842486562280907,4.108463434675431,-,-,-,26.522493114352752
76243,El Águila,-,8,8,-,-,-,-,-,-,8,0,258.81591717890655,178.491744756805,0,0,0,-,-,-,93.4361130576968
76246,El Cairo,-,10,10,-,-,-,-,-,-,10,0,407.6640847941296,285.7142857142857,0,0,0,-,-,-,153.7042729787888
76248,El Cerrito,2,23,25,-,1,1,-,-,-,26,24.53084754078253,119.45569751739897,91.21757215309958,0,4.621285641665511,3.3640584000538247,-,-,-,45.50785010414296
76250,El Dovio,-,12,12,-,1,1,-,-,-,13,0,443.7869822485207,284.83266081177305,0,33.5345405767941,22.711787417669772,-,-,-,150.8820798514392
76275,Florida,1,24,25,-,4,4,-,-,-,29,11.029006286533583,125.79935003669148,88.82572392965002,0,18.804945700719287,13.415615776764152,-,-,-,50.03364331188213
76306,Ginebra,-,-,-,-,1,1,-,-,-,1,0,0,0,0,11.663167716351762,8.565310492505354,-,-,-,4.339147791373774
76318,Guacarí,1,18,19,-,1,1,-,-,-,20,19.860973187686195,160.6425702811245,116.99507389162562,0,7.988496564946477,5.767677932864229,-,-,-,59.562808982071594
76111,Guadalajara de Buga,3,57,60,-,1,1,-,-,-,61,17.1978903921119,128.9009497964722,97.30150492994292,0,1.9979620786797465,1.4863037113003672,-,-,-,47.3069913529024
76364,Jamundí,2,84,86,-,3,3,-,-,-,89,8.302200083022,147.53407334551076,106.13877027127094,0,4.753906126200362,3.4834709304350855,-,-,-,53.24654346174325
76377,La Cumbre,-,1,1,-,-,-,-,-,-,1,0,16.061676839062,11.94885888397658,0,0,0,-,-,-,6.0573020776546125
76400,La Unión,4,32,36,-,2,2,-,-,-,38,81.53281695882593,281.81417877586966,221.38859848717792,0,14.928715384041205,10.969723562966214,-,-,-,110.16728031774564
76403,La Victoria,-,3,3,-,-,-,-,-,-,3,0,72.51631617113851,53.41880341880342,0,0,0,-,-,-,25.28018875874273
76497,Obando,1,4,5,-,1,1,-,-,-,6,54.4069640914037,97.89525208027412,84.40243079000675,0,22.893772893772894,16.345210853220006,-,-,-,49.82561036372695
76520,Palmira,2,92,94,-,8,8,-,-,-,102,4.198505332101772,75.64980717521976,55.53947142966871,0,5.7667216908028,4.323482997903111,-,-,-,28.79038062576739
76563,Pradera,2,24,26,-,3,3,-,-,-,29,26.741542987030353,153.90534821085035,112.6858232566203,0,17.04351778207022,11.956001912960307,-,-,-,60.2096958372262
76606,Restrepo,-,5,5,1,1,2,-,-,-,7,0,95.31071292413267,65.96306068601582,45.12635379061372,18.15541031227306,25.89331952356292,-,-,-,45.73967590172504
76616,Riofrío,-,3,3,-,-,-,-,-,-,3,0,56.78591709256104,39.0015600624025,0,0,0,-,-,-,19.401151134967343
76622,Roldanillo,1,19,20,1,3,4,-,-,-,24,19.557989438685702,154.22077922077924,114.72494693971205,20.366598778004075,20.771307900020773,20.668630186534386,-,-,-,65.242211710977
76670,San Pedro,1,9,10,-,-,-,-,-,-,10,37.69317753486619,154.08320493066256,117.73016246762421,0,0,0,-,-,-,58.13615487471658
76736,Sevilla,-,13,13,-,-,-,-,-,-,13,0,88.02816901408451,63.84128075430928,0,0,0,-,-,-,31.58943454912157
76823,Toro,-,14,14,-,1,1,-,-,-,15,0,294.8609941027801,202.10769452865597,0,18.87504718761797,13.401232913428036,-,-,-,104.24629925637639
76828,Trujillo,1,10,11,-,-,-,-,-,-,11,32.72251308900524,154.63120457708365,115.50981833455845,0,0,0,-,-,-,57.949636497734694
76834,Tuluá,6,139,145,2,6,8,-,-,-,153,19.294465704087212,191.48115494820368,139.84125606380618,6.639224538573894,7.058906575371475,6.9490892349921385,-,-,-,69.92303895581595
76863,Versalles,-,3,3,-,-,-,-,-,-,3,0,123.05168170631666,88.1316098707403,0,0,0,-,-,-,43.16546762589928
76869,Vijes,-,1,1,-,1,1,-,-,-,2,0,21.285653469561517,15.30221882172915,0,21.533161068044787,15.750511891636476,-,-,-,15.52312946289972
76890,Yotoco,-,6,6,-,-,-,-,-,-,6,0,103.69858278603526,74.01924500370096,0,0,0,-,-,-,37.04389701796629
76892,Yumbo,4,59,63,1,7,8,-,-,-,71,24.951656166178033,158.59788715357115,118.34986474301172,6.403688524590164,16.98163557410058,14.075338247972272,-,-,-,64.5049923229974
76895,Zarzal,-,23,23,-,2,2,-,-,-,25,0,165.43192116809323,114.57036114570361,0,12.437037497668054,8.955758552749417,-,-,-,58.95253142169925
97,Vaupés,-,2,2,-,1,1,-,-,-,3,0,17.39130434782609,8.547739123001966,0,10.295480284155255,4.691751900159519,-,-,-,6.709608158883521
97001,Mitú,-,2,2,-,1,1,-,-,-,3,0,23.110700254217704,11.69248757673195,0,13.44628210299852,6.374298827129016,-,-,-,9.148293843198243
99,Vichada,-,12,12,-,2,2,-,-,-,14,0,35.37631555673477,20.138282875746796,0,6.84767350292738,3.7474236462432082,-,-,-,12.393987145664761
99773,Cumaribo,-,2,2,-,2,2,-,-,-,4,0,8.86839304717985,4.780114722753346,0,10.610079575596817,5.402047375955487,-,-,-,5.072087037013556
99001,Puerto Carreño,-,10,10,-,-,-,-,-,-,10,0,145.98540145985402,95.05703422053232,0,0,0,-,-,-,49.27564797477087
0,TOTAL,482,9944,10426,93,805,898,1,1,2,11326,6.60435462643948,57.49084491249094,42.39093320309485,1.3293384568610374,4.2861141455556915,3.483652553063438,-,-,-,22.48452446918179
Indeterminados: No aplican para el cálculo de tasas,,,,,,,,,,,,,,,,,,,,,
"Homicidio: La definición de homicidio para el Instituto Nacional de Medicina Legal y Ciencias Forenses - INMLCF,  desde el punto
de vista médico legal es “El que matare a otro” (Artículo 103,  Cap. II,  Código Penal Colombiano - Ley 599 de 2000),  de forma intencional
o no intencional; en este punto es importante anotar,  que cuando se clasifica un caso como homicidio no se tipifica el delito, 
como tampoco se hacen juicios de valor o de responsabilidad,  por ser competencia de la autoridad ",,,,,,,,,,,,,,,,,,,,,
"Tasas calculadas con base en las proyecciones de la población, DANE 2019 - 2023.",,,,,,,,,,,,,,,,,,,,,
FUENTE: Instituto Nacional de Medicina Legal y Ciencias Forenses - INMLCF,,,,,,,,,,,,,,,,,,,,,
Grupo: Centro de Referencia Nacional sobre Violencia - GCRNV,,,,,,,,,,,,,,,,,,,,,
2020: Base: Sistema de Información Red de Desaparecidos y Cadáveres - SIRDEC ,,,,,,,,,,,,,,,,,,,,,
