 DIVIPOLA,"SUICIDIOS EN COLOMBIA AÑO 2021

CASOS Y TASAS X 100.00 HABITANTES",VIOLENTA - SUICIDIO (CASOS),VIOLENTA - SUICIDIO (CASOS).1,VIOLENTA - SUICIDIO (CASOS).2,VIOLENTA - SUICIDIO (CASOS).3,VIOLENTA - SUICIDIO (CASOS).4,VIOLENTA - SUICIDIO (CASOS).5,VIOLENTA - SUICIDIO (CASOS).6,VIOLENTA - SUICIDIO (TASAS),VIOLENTA - SUICIDIO (TASAS).1,VIOLENTA - SUICIDIO (TASAS).2,VIOLENTA - SUICIDIO (TASAS).3,VIOLENTA - SUICIDIO (TASAS).4,VIOLENTA - SUICIDIO (TASAS).5,VIOLENTA - SUICIDIO (TASAS).6
CÓDIGOS,SEXO,Hombre,Hombre,HOMBRE,Mujer,Mujer,MUJER,TOTAL,Hombre (Tasa x 100.000 Hab.),Hombre (Tasa x 100.000 Hab.),HOMBRE (TASA X 100.000 HAB.),Mujer (Tasa x 100.000 Hab.),Mujer (Tasa x 100.000 Hab.),MUJER (TASA X 100.000 HAB.),TOTAL
N°,DEPARTAMENTO Y MUNICIPIO DEL HECHO DANE / MAYOR DE EDAD (> 18 AÑOS) O MENOR DE EDAD (< 18 AÑOS),Menores de Edad (<18 años),Mayores de Edad (>18 años),TOTAL,Menores de Edad (<18 años),Mayores de Edad (>18 años),TOTAL,,Menores de Edad (<18 años),Mayores de Edad (>18 años),TOTAL,Menores de Edad (<18 años),Mayores de Edad (>18 años),TOTAL,(TASA X 100.000 HAB.)
91,Amazonas,1,6,7,-,-,-,7,7.975117632985087,24.705591698921186,19.008825526137134,0,0,0,9.870693909781858
91001,Leticia,1,5,6,-,-,-,6,13.700506918755995,31.806615776081426,26.065424214779096,0,0,0,13.31085278196823
91798,Tarapacá,-,1,1,-,-,-,1,0,91.15770282588879,54.82456140350877,0,0,0,29.35995302407516
5,Antioquia,20,325,345,21,65,86,431,3.125097659301853,13.526837870650967,11.338945399198254,3.4286162104974434,2.438767244429387,2.623732637983167,6.819205921665519
5002,Abejorral,-,2,2,-,-,-,2,0,25.14774299006664,19.803940984255867,0,0,0,10.350359674998707
5031,Amalfi,-,1,1,-,1,1,2,0,10.671219720414044,7.906388361796331,0,10.513036164844406,7.893905904641616,7.900142202559646
5034,Andes,1,9,10,-,2,2,12,22.177866489243733,52.54247183139705,46.21499214345133,0,12.485173856045945,9.946784701845129,28.745957599712543
5040,Anorí,-,-,-,1,-,1,1,0,0,0,42.211903756859435,0,12.156576707999028,5.735260380821289
5045,Apartadó,-,2,2,-,-,-,2,0,4.81266693938446,3.4876015763959125,0,0,0,1.6930643618417154
5051,Arboletes,-,-,-,1,-,1,1,0,0,0,25.641025641025642,0,7.220737959419453,3.6056825557077956
5079,Barbosa,1,-,1,-,-,-,1,20.153164046755343,0,3.879878947776829,0,0,0,1.9269679159841988
5088,Bello,4,27,31,-,3,3,34,8.19336337566571,13.267943665294009,12.286083434396279,0,1.3299876754475408,1.0987481595968327,6.47180197808724
5129,Caldas,-,6,6,-,2,2,8,0,18.952555436224653,15.72780413641249,0,5.601770159370361,4.748338081671415,9.966487685158654
5134,Campamento,-,-,-,1,-,1,1,0,0,0,87.7963125548727,0,24.189646831156264,11.661807580174928
5138,Cañasgordas,-,1,1,-,-,-,1,0,17.885888034340905,13.642564802182811,0,0,0,6.870019236053861
5142,Caracolí,-,1,1,-,-,-,1,0,58.20721769499418,46.62004662004662,0,0,0,23.485204321277596
5147,Carepa,-,2,2,-,-,-,2,0,12.251899044351873,8.594387864724336,0,0,0,4.2588530908626305
5154,Caucasia,-,3,3,-,-,-,3,0,9.993670675239017,7.102945354673738,0,0,0,3.435599683924829
5172,Chigorodó,-,3,3,1,1,2,5,0,16.47084660151532,11.416393941700282,12.774655084312725,4.794093676590441,6.9717990727507235,9.096697898662786
5190,Cisneros,-,-,-,-,1,1,1,0,0,0,0,24.69745616201531,20.11667672500503,10.585371017254154
5197,Cocorná,-,1,1,-,1,1,2,0,19.428793471925395,14.858841010401187,0,18.470631695603988,14.279594459517348,14.56346027816209
5206,Concepción,-,1,1,-,-,-,1,0,55.370985603543744,43.177892918825556,0,0,0,22.251891410769915
5212,Copacabana,1,2,3,-,-,-,3,14.958863126402393,6.357885367326827,7.865345288658172,0,0,0,3.811217684050054
5234,Dabeiba,-,2,2,-,-,-,2,0,28.429282160625444,19.080328181644724,0,0,0,9.628809397717973
5250,El Bagre,-,1,1,-,-,-,1,0,6.257039169065198,4.190061174893153,0,0,0,2.0667135121729427
5148,El Carmen de Viboral,-,1,1,-,2,2,3,0,4.445432318292954,3.4728251432540374,0,8.51063829787234,6.7263065850541475,5.125664200652668
5697,El Santuario,-,2,2,-,-,-,2,0,17.151187719749593,12.630249447426587,0,0,0,5.938418599127052
5264,Entrerríos,-,1,1,-,-,-,1,0,23.507287259050305,18.23819077147547,0,0,0,9.129085265656382
5266,Envigado,-,12,12,-,1,1,13,0,13.049151805132666,11.135650785991352,0,0.8872248493935819,0.7842522155125089,5.525519398823489
5282,Fredonia,-,1,1,-,-,-,1,0,10.22704029453876,8.349336227769893,0,0,0,4.206098843322819
5284,Frontino,1,1,2,-,1,1,3,36.73769287288758,15.24390243902439,21.54708037060978,0,14.710208884966166,10.6928999144568,16.09960287646238
5306,Giraldo,1,1,2,-,-,-,2,148.3679525222552,49.11591355599214,73.80073800738008,0,0,0,37.68607499528924
5308,Girardota,-,3,3,-,-,-,3,0,14.575134819997084,11.827321111768185,0,0,0,5.771117480714849
5310,Gómez Plata,-,1,1,-,-,-,1,0,26.910656620021527,21.204410517387615,0,0,0,10.56859015007398
5313,Granada,-,1,1,-,-,-,1,0,31.065548306927617,22.655188038060718,0,0,0,11.198208286674133
5318,Guarne,-,6,6,-,1,1,7,0,27.269008771531155,22.03775802541688,0,4.29166130209004,3.5735982560840514,12.679092177000127
5347,Heliconia,-,1,1,-,-,-,1,0,45.33091568449683,36.75119441381845,0,0,0,19.29384526336099
5353,Hispania,-,2,2,-,1,1,3,0,95.51098376313276,76.16146230007617,0,47.68717215069146,37.835792659856224,56.93680015183146
5360,Itagüí,-,12,12,1,1,2,14,0,10.971829826919384,9.095594700300154,4.633490872022982,0.8009226629076697,1.3657657165489832,5.029277580199016
5361,Ituango,-,-,-,1,-,1,1,0,0,0,36.31082062454612,0,10.007004903432403,3.821607368059006
5368,Jericó,-,1,1,-,1,1,2,0,18.85014137606032,15.35862386730149,0,18.301610541727673,15.11030522816561,15.233452662045854
5376,La Ceja,-,2,2,-,3,3,5,0,7.869368483179225,6.343165239454487,0,10.788650339842487,8.894686907020873,7.6618958595114774
5380,La Estrella,-,6,6,-,2,2,8,0,20.818153429790776,17.13893967093236,0,6.311537490532694,5.346021223704258,11.046824728317155
5400,La Unión,-,-,-,1,-,1,1,0,0,0,44.9842555105713,0,9.305788200260562,4.730592743270732
5411,Liborina,-,1,1,-,-,-,1,0,26.831231553528305,20.508613617719444,0,0,0,10.513036164844406
5440,Marinilla,-,1,1,2,2,4,5,0,4.134623335814108,3.216985684413704,30.8546744831842,7.639127611626753,12.246272540795394,7.843383321829705
5001,Medellín,7,145,152,10,30,40,192,3.312621561380511,15.656228101525782,13.363083777743784,4.877715668198269,2.7724357049056403,3.107773707457491,7.918972414342083
5480,Mutatá,-,2,2,-,-,-,2,0,46.59832246039142,30.88803088803089,0,0,0,15.677667163126126
5495,Nechí,-,1,1,-,-,-,1,0,11.615750958299454,7.904513477195478,0,0,0,4.090983472426771
5501,Olaya,-,1,1,-,-,-,1,0,86.20689655172414,66.71114076050699,0,0,0,33.5795836131632
5541,Peñol,-,1,1,-,-,-,1,0,12.688745083111279,10.01401962747847,0,0,0,4.888780249327793
5543,Peque,-,1,1,-,-,-,1,0,35.12469265893923,25.068939583855602,0,0,0,13.239772275916854
5579,Puerto Berrío,-,2,2,-,-,-,2,0,13.482540110556828,10.451505016722408,0,0,0,5.228758169934641
5604,Remedios,-,1,1,-,-,-,1,0,10.539629005059021,7.459346561241235,0,0,0,3.7098868484511227
5607,Retiro,-,-,-,-,1,1,1,0,0,0,0,9.786651008025053,8.2223318533136,4.231192350004231
5615,Rionegro,-,8,8,-,3,3,11,0,14.637805792911644,11.949751295801155,0,5.134788189987163,4.293934102424641,8.040171621117876
5628,Sabanalarga,-,1,1,-,-,-,1,0,30.816640986132512,22.6295541977823,0,0,0,11.870845204178538
5631,Sabaneta,-,4,4,-,1,1,5,0,12.068913496062516,10.254569692619272,0,2.5150272880460753,2.2053634438955543,5.927612002228782
5642,Salgar,1,1,2,-,-,-,2,52.32862375719519,14.947683109118088,23.253110103476338,0,0,0,11.655690891077569
5656,San Jerónimo,-,1,1,-,1,1,2,0,16.986580601324953,13.368983957219251,0,16.49892756970797,13.070186903672724,13.217897032582115
5659,San Juan de Urabá,-,1,1,-,-,-,1,0,16.778523489932883,10.905125408942203,0,0,0,5.333902282910177
5660,San Luis,-,3,3,-,-,-,3,0,71.14062129475931,51.19453924914676,0,0,0,25.03755633450175
5664,San Pedro de los Milagros,-,1,1,1,-,1,2,0,12.584948401711554,9.666505558240695,42.301184433164124,0,8.942944017170452,9.290658243136527
5665,San Pedro de Urabá,-,1,1,-,-,-,1,0,9.584052137243626,6.637902422834384,0,0,0,3.397546971086875
5667,San Rafael,-,1,1,-,-,-,1,0,17.72735330615139,13.650013650013651,0,0,0,6.797634423220719
5674,San Vicente Ferrer,-,2,2,-,-,-,2,0,23.185717597959655,18.12250815512867,0,0,0,9.451349180095459
5679,Santa Bárbara,-,1,1,-,-,-,1,0,9.676795045480937,7.739339060444238,0,0,0,3.8305370412931894
5042,Santa Fé de Antioquia,-,2,2,-,-,-,2,0,20.554984583761563,15.862944162436547,0,0,0,7.853300349471865
5686,Santa Rosa de Osos,-,1,1,-,2,2,3,0,7.5137125253587795,5.704181164793794,0,14.661681694890403,11.219566924716705,8.4848827672031
5690,Santo Domingo,-,1,1,-,-,-,1,0,20.828993959591752,16.43925694558606,0,0,0,8.544087491455914
5736,Segovia,-,1,1,-,-,-,1,0,7.64876854826373,5.55926173004225,0,0,0,2.7625835681529365
5756,Sonsón,-,3,3,-,-,-,3,0,22.619316896629723,17.33402669440111,0,0,0,8.696408383337682
5789,Támesis,-,1,1,-,-,-,1,0,15.870496746548167,12.78281989006775,0,0,0,6.42508352608584
5837,Turbo,1,7,8,-,-,-,8,5.306165764618487,18.895427306591806,14.313318542904174,0,0,0,6.832876384725105
5847,Urrao,2,1,3,-,-,-,3,52.0697734964853,9.7551458394303,21.28867442520579,0,0,0,10.588733587462938
5854,Valdivia,-,1,1,-,1,1,2,0,22.547914317925592,15.644555694618273,0,21.50075252633842,15.420200462606013,15.531567911780694
5858,Vegachí,-,1,1,-,-,-,1,0,24.65483234714004,17.946877243359655,0,0,0,8.851124092759779
5887,Yarumal,-,1,1,1,-,1,2,0,6.9046468273147825,5.135843048636433,20.383204239706483,0,4.849190185239065,4.988401965430374
5890,Yolombó,-,5,5,-,-,-,5,0,58.71990604815032,44.401030103898414,0,0,0,22.589681033703805
5893,Yondó,-,1,1,-,-,-,1,0,15.169902912621358,10.833062506770663,0,0,0,5.567308762943993
81,Arauca,1,20,21,4,6,10,31,2.684203462622467,20.379880981495067,15.510632169051119,11.116978405269448,6.025850900362555,7.377242681775259,11.441520910302167
81001,Arauca,1,6,7,2,2,4,11,8.8999644001424,17.970528333533004,15.686626030835424,18.279864729001005,5.793574925407723,8.79855703664599,12.210554359167906
81065,Arauquita,-,2,2,1,-,1,3,0,10.604453870625662,7.4948472924864165,14.019346698443853,0,4.062563477554336,5.847953216374269
81220,Cravo Norte,-,1,1,-,-,-,1,0,66.8002672010688,50.55611729019211,0,0,0,26.26050420168067
81300,Fortul,-,3,3,-,2,2,5,0,46.78727386150967,32.91639236339697,0,30.93580819798917,21.677866897897246,27.262813522355508
81591,Puerto Rondón,-,1,1,-,-,-,1,0,57.4052812858783,43.04778303917348,0,0,0,22.03128442388191
81736,Saravena,-,7,7,1,1,2,9,0,34.20641125879594,24.743725698126546,12.733987011333248,4.550211584838695,6.70465973851827,15.48520302821748
81794,Tame,-,-,-,-,1,1,1,0,0,0,0,6.211565935772408,4.469673266884191,2.23463687150838
88,"Archipiélago de San Andrés, Providencia y Santa Catalina",-,4,4,-,-,-,4,0,17.817371937639198,13.959656592447825,0,0,0,6.699157580934197
88001,San Andrés,-,4,4,-,-,-,4,0,19.745285813012146,15.508684863523573,0,0,0,7.4298345004365025
8,Atlántico,9,82,91,3,14,17,108,2.9907983105312654,8.789079247483322,7.3749958464995915,1.0292407291141326,1.3755523088154233,1.2984533129654383,4.246703594637986
8078,Baranoa,-,1,1,-,-,-,1,0,4.227436060029592,3.2031775521317147,0,0,0,1.5946165744446748
8001,Barranquilla,5,46,51,2,6,8,59,3.8209940698172034,10.415959060752213,8.908514793374861,1.5588464536243178,1.204318686810904,1.276921087872921,4.9207960346724295
8296,Galapa,-,2,2,-,1,1,3,0,8.936151199678298,6.4827720333214485,0,4.317975732976381,3.2286184741549095,4.852484472049689
8372,Juan de Acosta,-,1,1,-,-,-,1,0,12.100677637947726,9.149967975112087,0,0,0,4.71253534401508
8433,Malambo,-,5,5,-,1,1,6,0,10.658026559802188,7.80957141072098,0,2.06138813877265,1.5342364872121388,4.643855018846312
8436,Manatí,1,-,1,-,-,-,1,33.50083752093803,0,10.094891984655764,0,0,0,5.122163601905445
8520,Palmar de Varela,-,1,1,-,1,1,2,0,9.106638739641198,6.918021445866483,0,9.078529278256921,6.924248719013987,6.921133681697062
8606,Repelón,-,2,2,-,1,1,3,0,21.521575379317767,15.499070055796652,0,10.409076714895388,7.675775253300584,11.568718186024988
8634,Sabanagrande,1,3,4,-,-,-,4,24.721878862793574,24.660912453760787,24.676125848241828,0,0,0,12.280863344693133
8638,Sabanalarga,-,3,3,-,-,-,3,0,8.885729518393461,6.55780706931602,0,0,0,3.243874483683311
8675,Santa Lucía,-,1,1,-,-,-,1,0,18.12250815512867,12.827090815802975,0,0,0,6.356874960269532
8758,Soledad,2,15,17,1,4,5,22,2.626878217925817,6.704749644648269,5.669350159075296,1.368756758236494,1.6285981841130246,1.5690261682184334,3.55683745414509
8832,Tubará,-,2,2,-,-,-,2,0,28.48597065945022,22.12634140944795,0,0,0,11.409013120365088
11,"Bogotá, D.C.",19,293,312,11,51,62,374,2.9180489003563093,10.277798727026225,8.909385552231987,1.7464863869324714,1.587194391166236,1.6133006752704167,5.091914502671076
11001,"Bogotá, D.C.",19,293,312,11,51,62,374,2.9180489003563093,10.277798727026225,8.909385552231987,1.7464863869324714,1.587194391166236,1.6133006752704167,5.091914502671076
13,Bolívar,1,46,47,3,8,11,58,0.38372543677547843,6.260326135772864,4.721772091112118,1.2128121475264697,1.037842325804652,1.0803495225346178,2.8804446611951464
13052,Arjona,-,1,1,-,-,-,1,0,4.05038681194054,2.9853419709227693,0,0,0,1.4704368667931242
13062,Arroyohondo,-,1,1,-,-,-,1,0,34.258307639602606,24.88181139586962,0,0,0,12.50625312656328
13001,Cartagena de Indias,-,21,21,-,5,5,26,0,6.075158388057974,4.585383108758737,0,1.2773317051611865,1.0019437709155763,2.716803534352413
13244,El Carmen de Bolívar,-,7,7,-,1,1,8,0,27.65595985934969,20.34055907479514,0,4.218519299725796,3.1064583268615453,12.01111027700623
13430,Magangué,-,4,4,-,-,-,4,0,8.601595595983055,6.21204826761504,0,0,0,3.0981813675372556
13433,Mahates,-,1,1,-,-,-,1,0,9.723842862699339,7.183908045977011,0,0,0,3.681885125184094
13442,María la Baja,-,1,1,-,2,2,3,0,6.474587245063128,4.506128334534967,0,12.677484787018255,9.112447603426281,6.796556411418214
13468,Mompós,-,1,1,-,-,-,1,0,6.658232904987016,4.749916876454662,0,0,0,2.3485204321277595
13657,San Juan Nepomuceno,1,1,2,1,-,1,3,23.004370830457788,7.107320540156361,10.859531954172775,24.31906614785992,0,5.689576695493855,8.334954018836996
13667,San Martín de Loba,-,1,1,-,-,-,1,0,20.712510356255176,14.186409419775854,0,0,0,7.418947993174568
13670,San Pablo,-,1,1,1,-,1,2,0,10.999890001099988,7.579202667879339,25.284450063211125,0,7.797878976918279,7.686985932815743
13688,Santa Rosa del Sur,-,1,1,-,-,-,1,0,8.84486113568017,6.213881811967936,0,0,0,3.1868447050575224
13683,Santa Rosa,-,2,2,1,-,1,3,0,26.888948642108094,19.630938358853555,36.3901018922853,0,9.574875526618154,14.540519581233037
13836,Turbaco,-,3,3,-,-,-,3,0,7.702775566795903,5.780792353938646,0,0,0,2.840774584536717
15,Boyacá,3,66,69,6,12,18,87,2.285574974477746,15.061615700593336,12.116784732148815,4.884124154436006,2.5683502202360313,3.0504700265899305,7.503033554083505
15047,Aquitania,-,1,1,-,-,-,1,0,18.351991191044227,13.781697905181918,0,0,0,7.014098337658694
15097,Boavita,-,1,1,-,-,-,1,0,57.01254275940707,44.44444444444445,0,0,0,22.070183182520417
15104,Boyacá,-,-,-,-,1,1,1,0,0,0,0,56.33802816901409,43.421623968736434,20.951183741881415
15109,Buenavista,-,1,1,-,-,-,1,0,59.701492537313435,46.01932811780948,0,0,0,24.10219329959026
15114,Busbanzá,-,1,1,-,-,-,1,0,251.25628140703517,192.30769230769232,0,0,0,96.43201542912247
15176,Chiquinquirá,-,1,1,-,-,-,1,0,5.182421227197347,3.874767513949163,0,0,0,1.8428763614249122
15185,Chitaraque,-,1,1,-,-,-,1,0,46.59832246039142,35.86800573888092,0,0,0,18.55976243504083
15223,Cubará,-,2,2,-,-,-,2,0,70.07708479327259,43.98504508467121,0,0,0,21.98043741070447
15226,Cuítiva,-,1,1,-,-,-,1,0,170.35775127768315,125.78616352201257,0,0,0,60.42296072507553
15238,Duitama,1,8,9,-,2,2,11,7.9987202047672366,18.16282976887799,15.915682252245878,0,3.909456976425974,3.178437480134766,9.207178250970939
15296,Gámeza,-,1,1,-,-,-,1,0,60.64281382656156,44.70272686633885,0,0,0,22.711787417669772
15299,Garagoa,-,2,2,-,-,-,2,0,30.98853424233034,24.585125998770742,0,0,0,11.625879207115037
15322,Guateque,-,1,1,-,-,-,1,0,25.195263290501387,20.308692120227455,0,0,0,9.646922631680495
15377,Labranzagrande,-,1,1,-,-,-,1,0,68.07351940095303,57.077625570776256,0,0,0,30.845157310302284
15464,Mongua,-,-,-,1,-,1,1,0,0,0,198.01980198019803,0,45.14672686230248,23.52387673488591
15469,Moniquirá,-,2,2,-,-,-,2,0,23.980815347721823,18.744142455482663,0,0,0,9.249410350090182
15476,Motavita,-,2,2,-,-,-,2,0,108.34236186348862,78.95775759968417,0,0,0,38.73716831299632
15494,Nuevo Colón,-,-,-,-,1,1,1,0,0,0,0,54.34782608695652,42.462845010615716,20.55076037813399
15507,Otanche,-,1,1,-,-,-,1,0,35.06311360448808,26.130128037627383,0,0,0,13.482540110556828
15516,Paipa,-,1,1,-,-,-,1,0,8.355614973262032,6.411900487304436,0,0,0,3.07540902940091
15531,Pauna,-,1,1,-,-,-,1,0,35.85514521333812,27.987685418415897,0,0,0,14.560279557367503
15542,Pesca,-,-,-,-,1,1,1,0,0,0,0,42.69854824935952,32.754667540124466,16.126431220770844
15550,Pisba,-,1,1,-,-,-,1,0,158.9825119236884,114.41647597254004,0,0,0,61.80469715698393
15572,Puerto Boyacá,-,2,2,-,-,-,2,0,12.05836247437598,9.088843444671665,0,0,0,4.503084612959877
15600,Ráquira,-,2,2,-,-,-,2,0,65.83278472679395,50.645733096986575,0,0,0,26.82763246143528
15621,Rondón,-,1,1,-,-,-,1,0,123.00123001230013,90.9090909090909,0,0,0,44.96402877697842
15632,Saboyá,-,1,1,-,-,-,1,0,21.39495079161318,16.015374759769376,0,0,0,7.81372089388967
15638,Sáchica,-,1,1,-,-,-,1,0,50.96839959225281,37.993920972644375,0,0,0,19.353590090961873
15646,Samacá,-,1,1,-,-,-,1,0,15.941335883947074,11.697274535033337,0,0,0,5.8530875036581795
15664,San José de Pare,-,1,1,-,-,-,1,0,51.5729757607014,41.203131437989285,0,0,0,21.44542140253056
15759,Sogamoso,1,2,3,4,2,6,9,7.824113919098662,4.36805206718064,5.122251058598552,33.83808476440233,3.77230374589762,9.253689908851156,7.292941243203384
15761,Somondoco,-,1,1,-,-,-,1,0,85.98452278589853,73.36757153338225,0,0,0,36.088054853843374
15763,Sotaquirá,-,1,1,-,1,1,2,0,34.35245620061835,25.614754098360656,0,35.86800573888092,27.122321670735015,26.346989856408904
15774,Susacón,-,1,1,-,-,-,1,0,94.87666034155598,75.18796992481204,0,0,0,39.15426781519186
15776,Sutamarchán,-,1,1,-,-,-,1,0,44.52359750667854,34.094783498124784,0,0,0,17.20282126268708
15804,Tibaná,-,5,5,-,1,1,6,0,157.28216420257942,120.54001928640308,0,29.09514111143439,23.10536044362292,70.78810759792356
15806,Tibasosa,-,4,4,-,-,-,4,0,84.13967185527977,65.25285481239804,0,0,0,31.992321842757736
15820,Tópaga,-,1,1,-,-,-,1,0,81.36696501220504,61.69031462060457,0,0,0,29.507229271171436
15001,Tunja,1,8,9,1,2,3,12,5.585032113934655,13.040997636319178,11.35646687697161,5.869922517022776,2.764836805507555,3.3567184720217513,7.116466911394056
15832,Tununguá,-,1,1,-,-,-,1,0,170.35775127768315,129.87012987012986,0,0,0,70.12622720897616
15837,Tuta,-,1,1,-,-,-,1,0,35.038542396636295,26.455026455026456,0,0,0,12.845215157353886
15839,Tutazá,-,1,1,-,-,-,1,0,149.2537313432836,112.23344556677891,0,0,0,53.70569280343716
15897,Zetaquira,-,-,-,-,1,1,1,0,0,0,0,59.73715651135006,46.75081813931744,23.089355806972986
17,Caldas,3,79,82,1,9,10,92,3.330040293487551,21.150592216582062,17.687623624625488,1.1592590016461477,2.18153259936881,2.0047472414677956,9.55926588994168
17013,Aguadas,-,2,2,-,-,-,2,0,23.537719195010006,18.721332958906675,0,0,0,9.271707384914931
17042,Anserma,-,3,3,1,1,2,5,0,21.70138888888889,17.362115863186528,31.026993484331367,7.0876745339854,11.539349180706209,14.446274305856518
17088,Belalcázar,-,1,1,-,1,1,2,0,26.75943270002676,20.337604230221682,0,26.483050847457626,20.631318341242007,20.48340843916428
17174,Chinchiná,-,1,1,-,1,1,2,0,5.258729490954986,4.238724991522551,0,4.660483758214102,3.8485221674876846,4.034210101662095
17272,Filadelfia,-,3,3,-,-,-,3,0,69.89748369058714,55.59673832468495,0,0,0,27.904380987815085
17380,La Dorada,1,8,9,-,1,1,10,13.679890560875513,30.783438510081577,27.028650369391556,0,3.512099181680891,2.796342384161517,14.48037185594926
17001,Manizales,-,35,35,-,2,2,37,0,21.137307952459174,17.49763781889445,0,1.0370700696392552,0.8836303067522611,8.677990271269286
17444,Marquetalia,-,1,1,-,-,-,1,0,20.68680182043856,15.865460891638904,0,0,0,7.990411506192569
17446,Marulanda,-,1,1,-,-,-,1,0,104.49320794148382,81.49959250203749,0,0,0,42.7715996578272
17486,Neira,2,3,5,-,-,-,5,93.19664492078284,38.85507058671157,50.67396371744198,0,0,0,25.274225344993177
17513,Pácora,-,1,1,-,-,-,1,0,16.636167027116954,13.644426251876109,0,0,0,6.883259911894274
17541,Pensilvania,-,2,2,-,-,-,2,0,27.628125431689462,21.579628830384117,0,0,0,10.85835278788208
17614,Riosucio,-,9,9,-,-,-,9,0,48.066652424695576,37.63485824203395,0,0,0,18.605035763013188
17653,Salamina,-,2,2,-,-,-,2,0,26.921523758244714,21.74149364061311,0,0,0,10.871337718106213
17662,Samaná,-,1,1,-,2,2,3,0,13.997760358342665,10.691756655618518,0,28.48597065945022,22.01915666629968,16.272510305923195
17777,Supía,-,4,4,-,1,1,5,0,38.729666924864446,30.134096730450505,0,8.86053517632465,7.129616426636247,18.315018315018314
17873,Villamaría,-,2,2,-,-,-,2,0,8.190679007289704,6.55694708543702,0,0,0,3.1436161016016726
18,Caquetá,2,10,12,-,1,1,13,3.666898903597228,7.464023407177406,6.365439904942764,0,0.7445739175756674,0.537039622783369,3.4692200125959376
18150,Cartagena del Chairá,-,2,2,-,-,-,2,0,21.15730455939913,14.158289678606824,0,0,0,7.216308858019123
18247,El Doncello,1,2,3,-,-,-,3,39.603960396039604,32.589212970506765,34.63403371045948,0,0,0,16.93958215697346
18001,Florencia,1,4,5,-,-,-,5,4.9885263893045995,6.799830004249894,6.339465709829976,0,0,0,3.121936599711533
18753,San Vicente del Caguán,-,-,-,-,1,1,1,0,0,0,0,6.425496369594551,4.419694157164324,2.1243149084420274
18756,Solano,-,1,1,-,-,-,1,0,26.81684097613301,17.953321364452425,0,0,0,9.829942003342179
18785,Solita,-,1,1,-,-,-,1,0,49.45598417408506,34.176349965823654,0,0,0,17.28608470181504
85,Casanare,3,30,33,3,2,5,38,5.779121958737069,20.174848688634835,16.449746025890903,6.024701275228437,1.3439776362121334,2.517534628688818,9.518608880361107
85010,Aguazul,1,3,4,-,-,-,4,22.512381809995496,23.071598861801125,22.92920607623961,0,0,0,11.41291942478886
85015,Chámeza,-,1,1,-,-,-,1,0,108.8139281828074,79.80845969672785,0,0,0,41.30524576621231
85162,Monterrey,-,1,1,-,1,1,2,0,16.155088852988694,12.184720360667722,0,15.740594994490792,11.96029183112068,12.071463061323032
85250,Paz de Ariporo,-,2,2,-,-,-,2,0,16.25619767536373,11.678150181011329,0,0,0,5.925399223772701
85263,Pore,-,3,3,2,-,2,5,0,75.4906894816306,53.66726296958855,132.01320132013203,0,37.488284910965326,45.766590389016024
85325,San Luis de Palenque,-,1,1,-,-,-,1,0,34.85535029627048,25.65418163160595,0,0,0,13.204806549584047
85400,Támara,-,3,3,1,-,1,4,0,135.9927470534905,94.90667510281556,113.25028312570782,0,35.323207347227125,66.75567423230974
85410,Tauramena,-,3,3,-,1,1,4,0,35.39405379896178,25.7201646090535,0,11.879306248515087,8.751203290452437,17.322766445801395
85430,Trinidad,1,1,2,-,-,-,2,56.75368898978434,22.888532845044633,32.6211058554885,0,0,0,16.527559705809438
85001,Yopal,1,12,13,-,-,-,13,5.11352014726938,19.53315753491552,16.051364365971107,0,0,0,7.913366894125239
19,Cauca,10,55,65,5,14,19,84,6.111423472755274,10.585982234797086,9.5142882653696,3.177589099598353,2.5658084037556104,2.7027449931649,6.059854044086881
19022,Almaguer,-,-,-,1,-,1,1,0,0,0,54.08328826392645,0,11.571395510298542,5.820382981200163
19050,Argelia,-,1,1,1,-,1,2,0,10.06238679814852,7.691124442393479,35.21126760563381,0,8.543357539513028,8.094871898652205
19075,Balboa,1,-,1,-,1,1,2,42.319085907744395,0,9.887284951552305,0,12.820512820512821,9.979044007584074,9.932952570151478
19100,Bolívar,-,1,1,-,-,-,1,0,7.078643731860976,5.636025474835146,0,0,0,2.851683919354379
19110,Buenos Aires,-,5,5,-,-,-,5,0,46.899915580151955,34.28179636612958,0,0,0,16.971013508926756
19130,Cajibío,-,-,-,1,-,1,1,0,0,0,21.222410865874362,0,5.119541289100497,2.509032517061421
19137,Caldono,-,-,-,-,1,1,1,0,0,0,0,7.704753833115032,5.420347986340723,2.663257696814744
19142,Caloto,-,1,1,-,-,-,1,0,9.645061728395062,7.213966238638004,0,0,0,3.567351598173516
19212,Corinto,-,1,1,-,-,-,1,0,10.975743606629349,8.338892595063374,0,0,0,4.190236748376283
19256,El Tambo,2,1,3,1,1,2,5,35.97769382982551,4.933155739726703,11.614401858304298,18.79699248120301,5.178127589063794,8.119519324455991,9.908445959335738
19318,Guapí,-,1,1,-,-,-,1,0,12.256403971074887,8.103727714748784,0,0,0,4.017193588559032
19355,Inzá,-,2,2,-,-,-,2,0,20.98635886673662,14.947683109118088,0,0,0,7.519362358072035
19392,La Sierra,-,1,1,-,1,1,2,0,24.2600679281902,19.50078003120125,0,25.614754098360656,20.449897750511248,19.964064683569575
19450,Mercaderes,-,1,1,-,1,1,2,0,11.524720525527256,9.095043201455207,0,11.428571428571429,9.167583425009168,9.13116924622198
19455,Miranda,-,3,3,-,-,-,3,0,26.429389481102987,20.479213598197827,0,0,0,9.968764537781619
19517,Páez,-,1,1,-,1,1,2,0,7.061648188687239,4.766898655734579,0,7.389344565137073,4.942909396470763,4.853308743235701
19548,Piendamó,1,1,2,-,-,-,2,22.79981760145919,6.720430107526882,10.380982040901069,0,0,0,5.118755118755119
19001,Popayán,3,18,21,1,3,4,25,10.442046641141664,15.194874262415476,14.267176661616539,3.627788862688192,2.2526581366011893,2.488475249003055,8.118675551745191
19573,Puerto Tejada,-,2,2,-,-,-,2,0,14.78852410529429,11.185056764163079,0,0,0,5.12938883332051
19585,Puracé,-,-,-,-,1,1,1,0,0,0,0,16.278691193228063,12.345679012345679,6.197706848466067
19698,Santander de Quilichao,1,5,6,-,3,3,9,8.358408559010364,12.815912236633004,11.769783043665896,0,6.982265046781176,5.533626000664035,8.555783709787816
19760,Sotara,-,1,1,-,-,-,1,0,18.98253606681853,15.064778547755347,0,0,0,7.482229704451926
19780,Suárez,1,-,1,-,1,1,2,25.641025641025642,0,6.629101756711965,0,9.09338910611985,6.748549061951681,6.688292144600876
19807,Timbío,-,2,2,-,-,-,2,0,14.939867035183388,11.849043189762428,0,0,0,5.84573115482419
19809,Timbiquí,-,3,3,-,-,-,3,0,39.666798889329634,25.440976933514246,0,0,0,12.830931097900004
19821,Toribío,-,2,2,-,-,-,2,0,16.36929120969062,11.82522320108792,0,0,0,5.941417622244668
19824,Totoró,1,1,2,-,-,-,2,30.646644192460926,12.061271257990592,17.310022503029252,0,0,0,8.602150537634408
19845,Villa Rica,-,1,1,-,-,-,1,0,14.452955629426219,10.991426687183997,0,0,0,5.0431186645821775
20,Cesar,3,54,57,1,8,9,66,1.7831033130059557,12.90982724738576,9.718139845737317,0.6187276484636992,1.8024147852084833,1.4864460890777593,5.536898816529824
20011,Aguachica,-,10,10,-,2,2,12,0,25.709584533113944,18.737820416729125,0,4.668861031351402,3.518648838845883,10.888501742160278
20013,Agustín Codazzi,-,3,3,-,-,-,3,0,14.082523588227009,10.090477952305674,0,0,0,5.052886882705653
20032,Astrea,-,1,1,-,-,-,1,0,14.821402104639098,10.221813349688235,0,0,0,5.222204814872839
20178,Chiriguaná,-,3,3,-,-,-,3,0,32.1646831778707,22.55130421709389,0,0,0,11.108642523883582
20228,Curumaní,-,1,1,-,-,-,1,0,7.926442612555485,5.536485439043296,0,0,0,2.7362775679964977
20238,El Copey,-,1,1,1,-,1,2,0,9.795278675678324,6.893699158968702,23.90057361376673,0,6.897503103876396,6.895600606812854
20383,La Gloria,-,1,1,-,-,-,1,0,15.800284405119292,11.37915339098771,0,0,0,5.877858108505261
20400,La Jagua de Ibirico,-,1,1,-,-,-,1,0,6.3271116735210375,4.358058049333217,0,0,0,2.1599671684990387
20621,La Paz,-,2,2,-,-,-,2,0,20.975353959098058,14.756880395484394,0,0,0,7.371369600471768
20517,Pailitas,-,1,1,-,-,-,1,0,15.713387806411063,11.203226529240421,0,0,0,5.461794745753454
20550,Pelaya,-,2,2,-,-,-,2,0,28.01905295601009,19.519812609798947,0,0,0,9.751816275781364
20570,Pueblo Bello,1,-,1,-,-,-,1,20.43318348998774,0,7.744733581164808,0,0,0,3.9195704150825073
20614,Río de Oro,-,1,1,-,-,-,1,0,15.525539512498058,11.811953697141508,0,0,0,5.980861244019139
20710,San Alberto,-,2,2,-,-,-,2,0,20.896458050360465,15.353907569476432,0,0,0,7.626892422682379
20750,San Diego,1,-,1,-,-,-,1,37.56574004507889,0,10.676916506512919,0,0,0,5.330206278982997
20770,San Martín,-,1,1,-,-,-,1,0,10.169836265636123,7.403020432336393,0,0,0,3.758126949528355
20787,Tamalameque,-,-,-,-,2,2,2,0,0,0,0,37.74297037176826,26.62052442433116,13.511687609782461
20001,Valledupar,1,24,25,-,4,4,29,1.524459960059149,13.85241407174396,10.466732537303434,0,2.0860060285574225,1.57266086354808,5.879991403047052
27,Chocó,-,4,4,2,1,3,7,0,2.461735400370491,1.6595513402951512,2.638800928857927,0.5746961294215683,1.200975191855787,1.4261673179497418
27150,Carmen del Darién,-,-,-,1,-,1,1,0,0,0,34.50655624568668,0,12.146240738491437,5.749108888122341
27491,Nóvita,-,1,1,-,-,-,1,0,35.44842254519674,24.49179524859172,0,0,0,12.190661952944046
27001,Quibdó,-,1,1,1,1,2,3,0,2.7207922947162215,1.8604651162790697,5.7146122635579175,2.1299708193997744,3.103277060575968,2.5381140120814227
27600,Río Quito,-,1,1,-,-,-,1,0,41.92872117400419,27.839643652561247,0,0,0,13.118194936376755
27615,Riosucio,-,1,1,-,-,-,1,0,4.872819413312542,3.6062026685899746,0,0,0,1.951219512195122
23,Córdoba,3,24,27,2,10,12,39,1.3962840227873552,3.8839225027996607,3.242121644404098,0.9729898030668638,1.5582464740777908,1.416265096500763,2.321308360817029
23079,Buenavista,-,-,-,-,1,1,1,0,0,0,0,14.251104460595695,10.379904504878557,5.097359567743909
23162,Cereté,-,4,4,-,-,-,4,0,10.524930930140771,8.13984249404774,0,0,0,3.9661685819955776
23189,Ciénaga de Oro,-,-,-,1,-,1,1,0,0,0,15.54001554001554,0,3.5913090321422154,1.7818959372772631
23417,Lorica,1,4,5,-,1,1,6,7.862871520679352,10.141730686341624,9.586073352633294,0,2.371803994117926,1.8330461561022104,5.622557701498412
23464,Momil,-,-,-,-,1,1,1,0,0,0,0,13.92757660167131,10.629251700680271,5.343593031954686
23466,Montelíbano,-,1,1,-,3,3,4,0,3.7085110328203226,2.6265332387781366,0,10.237859604818619,7.471607890017931,5.113454777884308
23001,Montería,1,12,13,-,2,2,15,1.8384718621881493,6.988405071252614,5.749515713868717,0,1.0562227362506205,0.8269554395061423,3.2054227204636327
23580,Puerto Libertador,1,-,1,-,-,-,1,16.126431220770844,0,4.9776007964161275,0,0,0,2.5686470935758137
23660,Sahagún,-,3,3,1,-,1,4,0,7.749735217380073,5.920078934385792,8.69187309865276,0,1.9325538699391247,3.9054872095293893
23675,San Bernardo del Viento,-,-,-,-,2,2,2,0,0,0,0,15.75795776867318,11.78967224711153,5.882352941176471
25,Cundinamarca,12,120,132,5,27,32,164,3.536099152220228,10.0135934531126,8.58409289549257,1.5433718353160517,2.145358358276435,2.022120737037732,5.256031215697586
25001,Agua de Dios,-,2,2,-,-,-,2,0,41.95510803440319,34.27592116538132,0,0,0,16.450074025333112
25035,Anapoima,-,2,2,-,-,-,2,0,32.51503820516989,26.028110359187924,0,0,0,12.88992008249549
25599,Apulo,-,1,1,-,-,-,1,0,29.30832356389214,23.22340919647004,0,0,0,11.92890373374687
25123,Cachipay,1,1,2,-,-,-,2,95.60229445506693,23.573785950023574,37.821482602118,0,0,0,19.34610176049526
25126,Cajicá,-,2,2,1,1,2,4,0,6.040471156750227,4.685486704931475,11.143302874972143,2.6525198938992043,4.285040922140807,4.476325831757293
25151,Cáqueza,-,1,1,-,-,-,1,0,14.88981536628946,11.522064754003917,0,0,0,5.827166249053086
25175,Chía,-,1,1,1,1,2,3,0,1.7844078442568834,1.4196076204537067,7.346459006758743,1.6088810232483308,2.6396716248498686,2.0518572728081033
25178,Chipaque,1,-,1,-,-,-,1,90.00900090009,0,20.639834881320947,0,0,0,10.424267695194413
25200,Cogua,-,1,1,-,-,-,1,0,11.26126126126126,8.698677800974252,0,0,0,4.284490145672665
25214,Cota,-,-,-,-,1,1,1,0,0,0,0,6.8427535240180655,5.473154178753216,2.792828017650673
25224,Cucunubá,-,1,1,-,-,-,1,0,35.80379520229145,26.164311878597594,0,0,0,13.131976362442549
25245,El Colegio,-,2,2,-,-,-,2,0,19.934217083624038,15.936254980079681,0,0,0,7.832693663350827
25260,El Rosal,-,4,4,-,-,-,4,0,45.20795660036166,33.98181972644635,0,0,0,17.0306978328437
25269,Facatativá,1,7,8,-,3,3,11,6.118827632625589,12.298826340572072,10.920159980343712,0,4.905648036105569,3.891605806275863,7.316359379572725
25279,Fómeque,-,2,2,-,-,-,2,0,41.18616144975288,31.9030148349019,0,0,0,16.35858007524947
25286,Funza,-,1,1,-,-,-,1,0,2.5734726439857947,2.023677021147425,0,0,0,0.9857363943734165
25290,Fusagasugá,1,6,7,-,1,1,8,6.857299595419324,10.424992181255865,9.703758126897432,0,1.5414971019854484,1.2734311328443357,5.309793249925331
25295,Gachancipá,-,2,2,-,-,-,2,0,28.814291888776836,21.88902265513845,0,0,0,10.925379656943079
25297,Gachetá,-,1,1,-,-,-,1,0,30.084235860409148,24.21893921046258,0,0,0,12.009126936471718
25307,Girardot,-,8,8,-,1,1,9,0,19.15341888527102,15.464615027739653,0,2.202982838763686,1.819703752229137,8.436050053896986
25312,Granada,-,-,-,-,1,1,1,0,0,0,0,34.72222222222222,26.46202699126753,13.283740701381507
25317,Guachetá,-,1,1,-,-,-,1,0,20.128824476650564,14.812620352540364,0,0,0,7.559721802237678
25326,Guatavita,-,-,-,-,1,1,1,0,0,0,0,39.032006245120996,30.96934035305048,15.332720024532353
25335,Guayabetal,-,1,1,-,1,1,2,0,40.65040650406504,30.921459492888065,0,45.22840343735866,33.48961821835231,32.154340836012864
25339,Gutiérrez,-,1,1,-,-,-,1,0,71.4796283059328,55.12679162072767,0,0,0,29.66478789676654
25368,Jerusalén,-,1,1,-,-,-,1,0,102.77492291880782,82.71298593879239,0,0,0,44.9842555105713
25377,La Calera,-,4,4,-,-,-,4,0,31.859816806053367,25.44529262086514,0,0,0,12.513295376337359
25386,La Mesa,-,1,1,-,1,1,2,0,7.0106561974200785,5.668291576918717,0,6.978854072161351,5.728689275893676,5.698330389195966
25398,La Peña,-,1,1,-,-,-,1,0,36.99593044765076,30.441400304414007,0,0,0,16.716817118020728
25402,La Vega,-,1,1,-,-,-,1,0,14.285714285714286,11.247328759419638,0,0,0,5.5691690799732685
25407,Lenguazaque,-,1,1,-,-,-,1,0,26.07561929595828,19.353590090961873,0,0,0,9.982032341784787
25426,Machetá,-,1,1,-,-,-,1,0,38.595137012736394,31.289111389236545,0,0,0,16.168148746968473
25430,Madrid,1,4,5,-,1,1,6,7.466029565477078,8.676789587852495,8.404208827780952,0,2.0544005259265345,1.6172593922339202,4.945313079528876
25473,Mosquera,2,5,7,-,1,1,8,12.637432073802604,9.148796018443972,9.932177417066319,0,1.6962377446822947,1.3474728147359627,5.529023919939734
25488,Nilo,-,1,1,-,-,-,1,0,14.5032632342277,12.693577050012696,0,0,0,8.563110121596162
25513,Pacho,-,1,1,-,-,-,1,0,10.53518752633797,8.169267216730658,0,0,0,4.006891853988861
25530,Paratebueno,-,1,1,-,1,1,2,0,30.69367710251688,22.588660492432798,0,33.244680851063826,23.912003825920614,23.23150191659891
25572,Puerto Salgar,-,1,1,-,1,1,2,0,15.720798616569724,12.370113805047009,0,15.90836780146357,12.58970162407151,12.47894178573657
25580,Pulí,-,1,1,-,-,-,1,0,68.91798759476224,55.74136008918617,0,0,0,30.075187969924812
25594,Quetame,-,2,2,-,-,-,2,0,104.71204188481677,77.91195948578107,0,0,0,40.19292604501608
25596,Quipile,-,-,-,-,1,1,1,0,0,0,0,43.25259515570934,34.21142661648991,15.775358889414735
25612,Ricaurte,-,1,1,-,-,-,1,0,18.20498816675769,14.41545336600836,0,0,0,7.280669821623589
25649,San Bernardo,-,1,1,-,-,-,1,0,29.612081729345572,22.727272727272727,0,0,0,11.727453969743168
25740,Sibaté,-,1,1,-,1,1,2,0,7.375175160410059,5.7375638303976135,0,7.065140596297866,5.595344673231871,5.665561882099658
25743,Silvania,-,-,-,-,1,1,1,0,0,0,0,11.220825852782765,8.908685968819599,4.442075337597726
25754,Soacha,3,21,24,2,1,3,27,3.675659780930677,7.864137659857322,6.88363501819861,2.5262413318344303,0.34004583817898654,0.803757297446463,3.740130211940712
25758,Sopó,-,3,3,-,1,1,4,0,27.69060365515968,21.751740139211137,0,8.564576909900651,6.920415224913495,14.163302882232138
25769,Subachoque,-,1,1,-,-,-,1,0,15.89825119236884,12.507817385866167,0,0,0,6.196938712276135
25777,Supatá,-,-,-,-,1,1,1,0,0,0,0,48.192771084337345,38.051750380517504,18.535681186283597
25779,Susa,-,1,1,-,-,-,1,0,39.96802557953637,29.585798816568047,0,0,0,14.912019087384433
25785,Tabio,-,1,1,-,-,-,1,0,11.381743683132257,8.882572392965002,0,0,0,4.31480842250604
25793,Tausa,-,1,1,-,-,-,1,0,32.102728731942214,23.929169657812874,0,0,0,12.448649321548613
25797,Tena,-,1,1,-,-,-,1,0,24.142926122646063,19.07304978065993,0,0,0,9.867771857114665
25799,Tenjo,-,2,2,-,-,-,2,0,22.558087074216107,17.62114537444934,0,0,0,8.635205733776608
25817,Tocancipá,-,2,2,-,-,-,2,0,12.444776305145915,9.351912466099316,0,0,0,4.642525533890436
25851,Útica,-,1,1,-,-,-,1,0,52.05622071837585,43.535045711798,0,0,0,23.030861354214647
25843,Villa de San Diego de Ubaté,-,1,1,-,1,1,2,0,6.105378838756945,4.614461723040008,0,5.627778715740897,4.342350948803682,4.47427293064877
25875,Villeta,-,2,2,-,-,-,2,0,17.879492222420883,14.187415762218912,0,0,0,7.082654578936186
25899,Zipaquirá,2,6,8,1,4,5,13,13.517166801838336,11.32417333534652,11.802891708468573,6.956521739130435,6.873324627122138,6.889804467349216,9.262491895319592
94,Guainía,-,1,1,1,-,1,2,0,6.849784231796698,4.302925989672978,12.16397031991242,0,4.655060050274649,4.472071910916328
94001,Inírida,-,1,1,1,-,1,2,0,9.475080538184574,6.3779577779195105,20.21018593371059,0,6.734913793103448,6.551577292233105
95,Guaviare,-,3,3,-,-,-,3,0,10.070831514988756,7.184424168402903,0,0,0,3.796795504594123
95025,El Retorno,-,2,2,-,-,-,2,0,43.59197907585005,29.476787030213707,0,0,0,15.92103168285305
95001,San José del Guaviare,-,1,1,-,-,-,1,0,5.4109626102483634,3.865182436611008,0,0,0,1.9639805958717127
41,Huila,3,75,78,4,16,20,98,2.2301350718475184,19.89194694419911,15.247537913589467,3.142998577793144,4.098224188231437,3.863390511512904,9.521607247303345
41006,Acevedo,-,3,3,-,1,1,4,0,36.92307692307692,25.53626149131767,0,13.336889837289943,9.076881183625305,17.570832418185812
41013,Agrado,-,2,2,-,-,-,2,0,68.3293474547318,49.30966469428008,0,0,0,24.548913710568307
41020,Algeciras,-,1,1,-,1,1,2,0,12.863390789812195,9.292816652727442,0,13.713658804168952,9.940357852882704,9.605686566447336
41132,Campoalegre,-,3,3,-,-,-,3,0,27.951178608031306,20.910294835157178,0,0,0,10.362694300518134
41206,Colombia,-,1,1,-,-,-,1,0,38.18251240931654,28.506271379703534,0,0,0,15.535187199005748
41244,Elías,-,1,1,-,-,-,1,0,62.77463904582549,47.75549188156638,0,0,0,25.0501002004008
41298,Garzón,1,4,5,1,2,3,8,10.703200256876807,16.404199475065617,14.824917721706644,11.466574934067193,7.858854964831624,8.77963125548727,11.782552984667953
41306,Gigante,-,2,2,-,-,-,2,0,23.61275088547816,17.627357659086904,0,0,0,8.736676568233444
41319,Guadalupe,-,1,1,-,-,-,1,0,16.49620587264929,11.796626164916834,0,0,0,6.004202942059441
41357,Íquira,-,1,1,-,-,-,1,0,32.91639236339697,23.36994624912363,0,0,0,11.886366337810532
41359,Isnos,-,2,2,-,-,-,2,0,22.716946842344388,16.747613465081226,0,0,0,8.459163388740853
41378,La Argentina,-,1,1,-,-,-,1,0,23.51834430856068,16.56726308813784,0,0,0,8.37871805613741
41396,La Plata,-,5,5,-,3,3,8,0,24.952590078850186,17.574692442882252,0,15.130119023602985,10.806916426512968,14.232342999466287
41001,Neiva,-,19,19,1,4,5,24,0,15.66842317937046,11.846715965632052,2.677304489839629,2.8819274330672355,2.838538266334368,7.131629072085913
41518,Paicol,-,1,1,-,-,-,1,0,44.82294935006723,32.02049311559398,0,0,0,16.244314489928524
41524,Palermo,-,3,3,-,-,-,3,0,31.7225335730147,23.936806829968884,0,0,0,12.150176177554576
41530,Palestina,-,2,2,-,-,-,2,0,52.16484089723526,37.73584905660377,0,0,0,19.476093095725
41548,Pital,-,3,3,-,-,-,3,0,68.30601092896175,47.76309504855915,0,0,0,24.106066693451186
41551,Pitalito,1,6,7,1,1,2,9,6.344775077723494,14.065686757155918,11.982608100243075,6.6002244076298595,2.2531656978054166,3.359481296087884,7.6302871531398635
41615,Rivera,-,4,4,-,-,-,4,0,41.06354583718304,31.920836325911736,0,0,0,17.12475383166367
41660,Saladoblanco,-,1,1,-,-,-,1,0,30.525030525030527,20.652622883106154,0,0,0,10.592098294672175
41668,San Agustín,1,2,3,-,1,1,4,25.188916876574307,17.032873445750297,19.093686354378818,0,8.625150940141452,6.5595277140045924,12.921148690118553
41676,Santa María,-,2,2,-,1,1,3,0,55.959709009513155,40.6421459053038,0,31.240237425804434,22.331397945511387,31.91828917969997
41770,Suaza,-,-,-,-,1,1,1,0,0,0,0,14.118311449950587,10.086746015735324,4.890214680424471
41799,Tello,-,1,1,-,1,1,2,0,24.067388688327316,17.55001755001755,0,26.441036488630353,19.51219512195122,18.47916474175367
41801,Teruel,-,1,1,-,-,-,1,0,35.49875754348598,26.246719160104988,0,0,0,13.581420616596496
41807,Timaná,-,2,2,-,-,-,2,0,26.062027625749284,19.1809724753045,0,0,0,9.823665209489661
41885,Yaguará,-,1,1,1,-,1,2,0,34.87966515521451,27.0929287455974,130.89005235602096,0,27.987685418415897,27.533039647577095
44,La Guajira,5,16,21,-,1,1,22,3.592495994366966,5.57911180540058,4.9300056577683975,0,0.3185849729839943,0.2223675023237404,2.512364831917083
44090,Dibulla,1,1,2,-,-,-,2,14.88981536628946,7.76156473144986,10.204081632653061,0,0,0,5.2410901467505235
44110,El Molino,-,1,1,-,-,-,1,0,36.19254433586681,27.151778441487917,0,0,0,13.526308670363857
44279,Fonseca,1,1,2,-,-,-,2,16.69449081803005,7.2854436835203265,10.144045445323595,0,0,0,4.9512303807496165
44378,Hatonuevo,-,1,1,-,-,-,1,0,14.841199168892848,10.091835704914725,0,0,0,4.983554270906009
44430,Maicao,1,4,5,-,1,1,6,3.7155383815114806,7.47873235486585,6.218982823169442,0,1.6495933752330052,1.1551345731777751,3.593481424695602
44001,Riohacha,2,5,7,-,-,-,7,7.176432595356848,8.295450774795103,7.941640289075707,0,0,0,3.833515881708653
44874,Villanueva,-,3,3,-,-,-,3,0,31.84713375796178,22.914757103574704,0,0,0,11.129247662857992
47,Magdalena,3,27,30,1,7,8,38,1.6442410457373053,5.699437022276355,4.5718744380404335,0.579028737196227,1.4382399230747105,1.2132075843672137,2.8884269094972237
47053,Aracataca,-,3,3,-,-,-,3,0,22.87457110179184,15.731515469323545,0,0,0,7.932520690658135
47058,Ariguaní,1,1,2,-,-,-,2,22.999080036798528,9.458053532582994,13.403927350713758,0,0,0,6.879471656576775
47189,Ciénaga,-,2,2,-,-,-,2,0,4.885555854117302,3.5153091714416282,0,0,0,1.7422513371779014
47245,El Banco,-,3,3,1,1,2,5,0,13.341634794983545,9.369144284821987,11.021712774165106,4.438132433871826,6.328112640404999,7.858546168958742
47268,El Retén,-,1,1,-,-,-,1,0,15.11715797430083,10.235414534288639,0,0,0,5.213220727765614
47288,Fundación,-,2,2,-,1,1,3,0,9.121590805436467,6.30715862503942,0,4.252966444094756,3.043584124665206,4.646408326363721
47460,Nueva Granada,-,1,1,-,-,-,1,0,14.44669170759896,9.95123892924669,0,0,0,5.207790855119258
47551,Pivijay,-,2,2,-,-,-,2,0,14.848912317172767,10.934937124111537,0,0,0,5.5597253495677315
47555,Plato,-,1,1,-,-,-,1,0,4.6683161383688905,3.3361134278565467,0,0,0,1.7049716974698221
47001,Santa Marta,2,9,11,-,5,5,16,3.2439095598014727,4.974052028584219,4.534343530110102,0,2.4841017488076313,1.9211262410475516,3.181819085744058
47960,Zapayán,-,1,1,-,-,-,1,0,27.419797093501508,19.59247648902821,0,0,0,10.283833813245579
47980,Zona Bananera,-,1,1,-,-,-,1,0,4.28577551107873,2.958229795290498,0,0,0,1.4941876101963363
50,Meta,6,47,53,1,10,11,64,4.961219798574476,12.560564637467364,10.70436758394345,0.8744392658207925,2.659899881368465,2.243464888754734,6.494573986389809
50006,Acacías,-,3,3,-,1,1,4,0,8.636075767171398,6.761172838114986,0,3.1440608690184244,2.4324390065919097,4.679347698930769
50150,Castilla la Nueva,-,1,1,-,1,1,2,0,17.917935853789643,13.368983957219251,0,19.227071716977505,14.092446448703495,13.721185510428102
50226,Cumaral,-,1,1,-,-,-,1,0,12.613521695257315,9.417969485778867,0,0,0,4.6490004649000465
50287,Fuente de Oro,-,2,2,-,1,1,3,0,46.349942062572424,34.42340791738383,0,23.724792408066428,17.64602082230457,26.139234991722578
50313,Granada,-,3,3,-,1,1,4,0,13.109596224436288,9.635149023638231,0,3.8701188126475485,2.9373751615556336,6.13685179502915
50318,Guamal,-,4,4,-,-,-,4,0,79.30214115781126,60.32272658724174,0,0,0,29.90207071839725
50350,La Macarena,-,1,1,-,1,1,2,0,10.735373054213634,7.398091292446548,0,13.161358252171624,8.662508662508662,7.9805275128686
50400,Lejanías,-,1,1,-,-,-,1,0,25.88661661920787,18.92863903085368,0,0,0,9.71722864639005
50325,Mapiripán,-,1,1,-,-,-,1,0,43.89815627743635,29.744199881023203,0,0,0,16.32386549134835
50330,Mesetas,1,1,2,1,-,1,3,75.30120481927712,26.961445133459154,39.70617431010522,81.49959250203749,0,22.060445621001545,31.347962382445143
50568,Puerto Gaitán,-,1,1,-,-,-,1,0,7.01311452416018,4.877335024142808,0,0,0,2.618417951873478
50577,Puerto Lleras,-,1,1,-,-,-,1,0,26.968716289104638,19.519812609798947,0,0,0,10.478885046631039
50573,Puerto López,-,2,2,-,-,-,2,0,19.753086419753085,14.28265371706063,0,0,0,7.221259387637203
50590,Puerto Rico,-,1,1,-,-,-,1,0,20.72538860103627,15.63232765358762,0,0,0,8.497620666213459
50680,San Carlos de Guaroa,-,1,1,-,-,-,1,0,22.624434389140273,16.43115346697338,0,0,0,8.591803419537761
50223,San Luis de Cubarral,-,1,1,-,-,-,1,0,39.666798889329634,29.806259314456035,0,0,0,15.071590052750564
50689,San Martín,1,2,3,-,-,-,3,31.357792411414234,22.269235051775972,24.65078060805259,0,0,0,12.198593095596308
50001,Villavicencio,4,18,22,-,5,5,27,7.019637435726445,9.284620026925397,8.77011146014383,0,2.4266661489778882,1.9285064103553078,5.29287226534933
50711,Vistahermosa,-,2,2,-,-,-,2,0,33.0742516950554,24.40214738897023,0,0,0,12.901561088891755
52,Nariño,6,48,54,3,15,18,72,3.569728700618753,8.523241815024345,7.384655779313664,1.8630763116057232,2.451961978242924,2.329255841579546,4.7871544688419405
52051,Arboleda,1,-,1,-,-,-,1,131.23359580052494,0,25.348542458808616,0,0,0,12.717792191275596
52079,Barbacoas,-,1,1,-,1,1,2,0,6.069434328720563,4.003362824772809,0,6.158014656074881,4.109645337607365,4.055807916937054
52240,Chachagüí,-,1,1,-,-,-,1,0,17.89869339538214,14.130281192595731,0,0,0,6.997410957945561
52215,Córdoba,-,-,-,-,1,1,1,0,0,0,0,16.89189189189189,13.433637829124129,6.997410957945561
52233,Cumbitara,-,-,-,-,1,1,1,0,0,0,0,46.707146193367585,37.43916136278548,18.487705675725643
52317,Guachucal,-,-,-,-,1,1,1,0,0,0,0,12.621481761958854,10.586491636671607,5.523946307241894
52356,Ipiales,-,8,8,-,1,1,9,0,20.195390402140713,15.669376162961512,0,2.2215310792197984,1.7841531517065425,8.403047505228562
52390,La Tola,-,1,1,-,-,-,1,0,47.214353163361665,30.74085459575776,0,0,0,15.229972586049346
52480,Nariño,-,1,1,-,-,-,1,0,62.07324643078833,50.0751126690035,0,0,0,24.61235540241201
52001,Pasto,2,25,27,3,8,11,38,6.115085916957133,17.84707200936614,15.626356454553347,9.44822373393802,4.857611269658145,5.5996171898066605,10.291771728503063
52540,Policarpa,-,1,1,-,1,1,2,0,28.22466836014677,21.85792349726776,0,27.693159789531986,21.649707728945657,21.753317380900587
52678,Samaniego,-,1,1,-,1,1,2,0,9.650646593321753,7.748934521503292,0,9.170105456212745,7.546030787805614,7.646136789387161
52835,San Andrés de Tumaco,3,4,7,-,-,-,7,9.091184581350952,4.979025853591745,6.17632526293499,0,0,0,3.0226221679109795
52838,Túquerres,-,5,5,-,-,-,5,0,30.69744597249509,24.490595611285265,0,0,0,11.963153487259241
54,Norte de Santander,6,85,91,3,7,10,101,3.2918198277280957,15.269177638019892,12.314820954682812,1.734134117932681,1.1820550533697858,1.3068717932633371,6.714831733629938
54003,Ábrego,-,8,8,-,-,-,8,0,71.32667617689016,51.553035184946516,0,0,0,25.810614615260523
54128,Cáchira,-,2,2,-,-,-,2,0,50.31446540880503,36.61662394727207,0,0,0,19.238168526356294
54172,Chinácota,-,1,1,-,-,-,1,0,15.103458692040478,11.637379262190155,0,0,0,5.658669081032142
54206,Convención,-,3,3,-,1,1,4,0,46.809174598221254,32.94169320303064,0,16.592002654720424,11.560693641618498,22.526327645435604
54001,Cúcuta,2,26,28,2,2,4,32,2.4487297214569943,9.66747600792733,7.985899183727018,2.560458834223093,0.6720543019876006,1.064662262513774,4.405747297349392
54250,El Tarra,2,1,3,-,-,-,3,59.488399762046406,14.795088030773783,29.641339788558444,0,0,0,15.59900166389351
54261,El Zulia,-,1,1,-,1,1,2,0,10.002000400080016,7.3190368147551785,0,10.092854259184497,7.528419784687194,7.422251911229868
54313,Gramalote,-,1,1,-,-,-,1,0,30.77870113881194,24.55795677799607,0,0,0,13.655605626109518
54344,Hacarí,-,1,1,-,-,-,1,0,31.04625892579944,20.546537908362442,0,0,0,10.688328345446772
54385,La Esperanza,-,1,1,-,-,-,1,0,25.290844714213456,17.513134851138354,0,0,0,9.022827754218172
54398,La Playa,-,1,1,-,-,-,1,0,36.20564808110065,26.288117770767613,0,0,0,13.670539986329459
54405,Los Patios,-,1,1,-,-,-,1,0,3.006704952043056,2.301919801114129,0,0,0,1.0978153474585575
54498,Ocaña,1,14,15,-,1,1,16,7.228044813877847,31.880493692216604,25.974475748497806,0,2.026958548697679,1.5851880032971912,13.24141583838852
54518,Pamplona,-,4,4,-,2,2,6,0,20.883366398663465,16.33119666843588,0,9.30275826782641,7.478312892611427,11.71028748755782
54599,Ragonvalia,-,2,2,-,-,-,2,0,81.30081300813008,63.09148264984228,0,0,0,33.65303718660609
54660,Salazar,-,2,2,-,-,-,2,0,50.96839959225281,38.0300437345503,0,0,0,19.918334827208444
54670,San Calixto,-,1,1,-,-,-,1,0,25.38071065989848,17.310022503029252,0,0,0,9.239582370876835
54720,Sardinata,-,1,1,1,-,1,2,0,11.018069634200089,7.876496534341525,28.851702250432773,0,8.637816360024186,8.239607794668974
54800,Teorama,-,3,3,-,-,-,3,0,55.07618872774004,37.4251497005988,0,0,0,19.161982626469086
54810,Tibú,1,6,7,-,-,-,7,11.656370206317751,31.894535402934295,25.555839509327882,0,0,0,13.42590816678814
54820,Toledo,-,3,3,-,-,-,3,0,51.15961800818554,38.17765334690761,0,0,0,19.770660340055358
54874,Villa del Rosario,-,2,2,-,-,-,2,0,5.270231099633719,4.007614467488228,0,0,0,1.930725566667954
86,Putumayo,1,9,10,2,9,11,21,2.25022502250225,7.401681003996908,6.022862787139983,4.630915995183848,7.367567965814485,6.6527563579182925,6.337154738230243
86001,Mocoa,-,2,2,-,-,-,2,0,9.743739647276625,7.476076555023923,0,0,0,3.6328628775906853
86320,Orito,-,1,1,-,2,2,3,0,7.902015013828526,5.667970299835629,0,15.157256536566882,11.10370863868532,8.413967185527977
86568,Puerto Asís,1,2,3,1,4,5,8,12.271444348999877,8.667013347200555,9.607686148919136,12.58811681772407,17.171066752522,16.005633983162074,12.807377049180328
86569,Puerto Caicedo,-,1,1,-,1,1,2,0,17.188037126160193,12.987012987012987,0,18.996960486322187,14.22070534698521,13.575889220743958
86571,Puerto Guzmán,-,1,1,-,1,1,2,0,8.318775476249897,5.752746936662256,0,9.601536245799327,6.362537379907107,6.042296072507553
86757,San Miguel,-,-,-,-,1,1,1,0,0,0,0,15.815277558121146,11.349449551696743,5.616399887672002
86749,Sibundoy,-,1,1,-,-,-,1,0,19.160758766047135,14.594279042615295,0,0,0,6.895600606812854
86865,Valle del Guamuez,-,-,-,1,-,1,1,0,0,0,24.746349913387775,0,6.1470371281042535,3.0838498781879298
86885,Villagarzón,-,1,1,-,-,-,1,0,12.561236025624922,9.079353550027237,0,0,0,4.523454109558059
63,Quindío,3,29,32,3,4,7,39,6.4267352185089965,14.048481795105316,12.642824406972517,6.7468795681997085,1.7329520838748809,2.5428192600395954,7.380869920684035
63001,Armenia,3,13,16,1,3,4,20,12.48335552596538,11.590791561903742,11.748292826198693,4.311088118641145,2.2815423226100844,2.5858836610940874,6.875782120216175
63130,Calarcá,-,5,5,1,-,1,6,0,17.61369641032867,14.344732614184071,15.961691939345569,0,2.753152359451572,8.429570934839417
63190,Circasia,-,3,3,-,-,-,3,0,27.878449958182326,22.64834667069304,0,0,0,10.872322690537455
63212,Córdoba,-,1,1,-,-,-,1,0,43.63001745200698,34.867503486750344,0,0,0,18.642803877703205
63401,La Tebaida,-,1,1,1,-,1,2,0,7.887057338906853,6.234025310142759,31.675641431738992,0,5.939300350418721,6.083095078776081
63470,Montenegro,-,3,3,-,-,-,3,0,21.51771625304834,17.25625539257981,0,0,0,8.4707476846623
63548,Pijao,-,1,1,-,-,-,1,0,50.70993914807302,40.06410256410256,0,0,0,20.70822116380203
63594,Quimbaya,-,1,1,-,-,-,1,0,8.666262241095415,7.018528916339136,0,0,0,3.3877633986042417
63690,Salento,-,1,1,-,1,1,2,0,26.560424966799467,21.496130696474633,0,27.47252747252747,22.763487366264513,22.11166390270868
66,Risaralda,8,66,74,3,11,14,88,9.28623663652509,19.224775492489233,17.231101672813978,3.6533684056700277,2.7881983169421067,2.9372519071157024,9.71203807118924
66045,Apía,-,1,1,-,-,-,1,0,21.454623471358076,16.852039096730707,0,0,0,8.661008141347653
66088,Belén de Umbría,-,5,5,-,-,-,5,0,54.96921723834653,42.87796929937398,0,0,0,21.54800896397173
66170,Dosquebradas,2,13,15,1,4,5,20,10.61965698507938,16.382080524226577,15.276815904183811,5.451076587626056,4.204463037514322,4.405985090146455,9.448670099683468
66318,Guática,-,2,2,-,-,-,2,0,43.196544276457885,34.112229234180454,0,0,0,17.482517482517483
66400,La Virginia,-,1,1,-,-,-,1,0,10.245901639344263,8.096510404015868,0,0,0,3.785727806170736
66440,Marsella,-,1,1,-,-,-,1,0,16.160310277957336,12.73074474856779,0,0,0,6.37389253617184
66456,Mistrató,1,4,5,-,1,1,6,38.61003861003861,80.75913587724611,66.28662335940606,0,20.304568527918782,13.468013468013467,40.085515766969536
66001,Pereira,-,25,25,2,4,6,31,0,14.624843514174398,11.857838742879368,5.244663554832957,1.9684167531949863,2.4860882644203475,6.8557679123523245
66572,Pueblo Rico,2,4,6,-,-,-,6,72.43752263672583,96.68842156151801,86.98173383589446,0,0,0,43.891733723482076
66594,Quinchía,2,1,3,-,-,-,3,65.63833278634722,10.255358424776945,23.441162681669013,0,0,0,11.852085967130215
66682,Santa Rosa de Cabal,-,7,7,-,2,2,9,0,23.600809170600137,19.06941266209001,0,6.266449429753101,5.183227077178251,11.953143676786995
66687,Santuario,1,2,3,-,-,-,3,78.06401249024199,42.29223937407485,49.91680532445923,0,0,0,25.475543478260867
68,Santander,8,102,110,11,23,34,144,3.514953932135027,12.491274477387119,10.53469313875436,5.068914192498928,2.6122322887811436,3.09800069613898,6.723784594221934
68081,Barrancabermeja,-,11,11,2,1,3,14,0,15.398829688943641,11.647976958183762,9.138261902586128,1.2743236527213182,2.98926852599169,7.187005893344832
68101,Bolívar,-,-,-,1,-,1,1,0,0,0,84.31703204047217,0,19.573302016050107,9.650646593321753
68001,Bucaramanga,4,23,27,1,13,14,41,7.527569724114569,10.49317943336831,9.91451484974002,1.9508388607101055,5.1597129611989585,4.61723150798781,7.123744657191508
68167,Charalá,-,2,2,-,-,-,2,0,45.86104104563174,35.316969803990816,0,0,0,17.394329448599755
68190,Cimitarra,-,1,1,-,-,-,1,0,8.042464211034261,6.090504902856447,0,0,0,3.126172314617982
68207,Concepción,-,1,1,-,-,-,1,0,47.66444232602478,36.79175864606328,0,0,0,18.5563184264242
68209,Confines,-,1,1,-,-,-,1,0,81.16883116883118,62.46096189881324,0,0,0,33.333333333333336
68217,Coromoro,-,3,3,-,1,1,4,0,160.68559185859667,121.85215272136475,0,59.276822762299936,45.662100456621005,85.98452278589853
68255,El Playón,-,1,1,-,-,-,1,0,20.37489812550937,15.024038461538462,0,0,0,7.695267410542516
68276,Floridablanca,1,7,8,2,3,5,13,3.6025650262987248,6.41348664620459,5.843553464861983,7.461016190405132,2.3559901048415597,3.2437832893260063,4.466678577809541
68296,Galán,-,1,1,-,-,-,1,0,93.63295880149813,72.46376811594203,0,0,0,37.243947858473
68307,Girón,-,11,11,2,-,2,13,0,17.914434148168656,14.001323761519272,12.042389210019268,0,2.43125623009409,8.083270118015744
68327,Güepsa,-,1,1,-,-,-,1,0,50.53057099545225,39.761431411530815,0,0,0,19.984012789768187
68385,Landázuri,-,-,-,1,-,1,1,0,0,0,86.58008658008659,0,20.622808826562178,10.087763542822556
68406,Lebrija,-,6,6,-,-,-,6,0,37.13790542213419,28.649190660363846,0,0,0,14.591084847158386
68444,Matanza,-,1,1,-,-,-,1,0,51.22950819672131,40.37141703673799,0,0,0,21.15506663845991
68464,Mogotes,-,1,1,-,-,-,1,0,27.18129926610492,20.242914979757085,0,0,0,10.17293997965412
68498,Ocamonte,-,3,3,-,1,1,4,0,136.4877161055505,104.52961672473867,0,50.70993914807302,38.955979742890534,73.56998344675372
68502,Onzaga,1,-,1,-,-,-,1,225.22522522522522,0,49.92511233150275,0,0,0,25.833118057349523
68547,Piedecuesta,1,8,9,1,1,2,11,5.421523448088913,12.42737751266039,10.867071565703522,5.718533767941899,1.4064499796064753,2.257642118571364,6.417474198836686
68572,Puente Nacional,-,1,1,-,-,-,1,0,17.828489926903192,14.108352144469524,0,0,0,7.039279177812192
68575,Puerto Wilches,-,2,2,-,-,-,2,0,17.32801940738174,12.489851995253856,0,0,0,6.430868167202572
68615,Rionegro,1,1,2,-,-,-,2,32.31017770597739,9.86679822397632,15.11715797430083,0,0,0,7.968444957966453
68655,Sabana de Torres,-,2,2,-,-,-,2,0,17.31301939058172,12.612726240776944,0,0,0,6.3779577779195105
68669,San Andrés,-,1,1,1,-,1,2,0,29.797377830750893,23.46316283435007,130.89005235602096,0,25.92016588906169,24.63054187192118
68673,San Benito,-,1,1,-,-,-,1,0,79.4912559618442,65.1890482398957,0,0,0,35.38570417551309
68679,San Gil,-,4,4,-,1,1,5,0,18.95016107636915,14.922589069203505,0,4.219765381044814,3.4163506542311506,8.916470504315573
68689,San Vicente de Chucurí,-,2,2,-,1,1,3,0,16.097875080489374,12.213740458015266,0,8.738967054094207,6.6604502464366595,9.557488292076842
68755,Socorro,-,1,1,-,1,1,2,0,8.381527114240214,6.592392379194409,0,7.347538574577516,5.969436485195797,6.265467873813478
68861,Vélez,-,2,2,-,-,-,2,0,19.245573518090836,15.835312747426762,0,0,0,8.257638315441783
68895,Zapatoca,-,3,3,-,-,-,3,0,90.93664746892998,69.2201199815413,0,0,0,33.58710255261979
70,Sucre,3,43,46,1,9,10,56,2.635879593020191,13.176603255540302,10.450982619561513,0.9213872406294918,2.71858150458383,2.274862541430934,6.365538791707067
70230,Chalán,-,1,1,-,-,-,1,0,57.240984544934165,43.30879168471199,0,0,0,23.16423442205235
70204,Coloso,-,1,1,-,-,-,1,0,31.289111389236545,23.5626767200754,0,0,0,12.350253180190194
70215,Corozal,-,4,4,-,-,-,4,0,16.109544905356422,12.2737035900583,0,0,0,6.02382422480912
70221,Coveñas,-,2,2,-,1,1,3,0,24.277737314882252,19.308746862328636,0,16.80954782316356,12.663036596175765,16.433853738701725
70233,El Roble,1,1,2,-,-,-,2,81.30081300813008,26.44802962179318,39.91219317501497,0,0,0,20.669698222405952
70235,Galeras,-,1,1,-,1,1,2,0,12.596044841919639,9.175153683824204,0,13.104442405975625,9.527439024390244,9.34797849964945
70418,Los Palmitos,-,3,3,-,-,-,3,0,35.63368571089203,26.845637583892614,0,0,0,13.583880461851935
70473,Morroa,1,-,1,-,-,-,1,53.87931034482759,0,13.732491073880801,0,0,0,6.83433570256971
70508,Ovejas,-,1,1,-,-,-,1,0,11.726078799249532,8.902341315766046,0,0,0,4.579803068468055
70670,Sampués,-,3,3,-,1,1,4,0,17.91365617722577,13.172916483709493,0,6.121449559255632,4.517528008673654,8.90670229347584
70742,San Luis de Sincé,-,1,1,-,-,-,1,0,8.77654906090925,6.678688305616777,0,0,0,3.3588606744592235
70708,San Marcos,-,1,1,-,1,1,2,0,5.033472592741732,3.6136306146785677,0,4.883766360617308,3.5588455105163885,3.5860288316718067
70713,San Onofre,-,-,-,-,2,2,2,0,0,0,0,12.23540927444023,8.68017881168352,4.283022100394039
70717,San Pedro,-,1,1,-,-,-,1,0,14.83459427384661,11.139578923916677,0,0,0,5.602240896358544
70820,Santiago de Tolú,-,3,3,-,-,-,3,0,27.317428519395374,19.56053987090044,0,0,0,9.586502204895508
70001,Sincelejo,1,17,18,1,3,4,22,3.0206004953784813,17.242253663978904,13.667322191934762,3.145247530980688,2.716776092370387,2.81256372214683,8.031542056074766
70823,Tolú Viejo,-,3,3,-,-,-,3,0,38.60507013254407,28.675205505639457,0,0,0,14.489953632148376
73,Tolima,6,84,90,7,13,20,110,4.390586582367404,17.441353449027645,14.556747052258721,5.411213580600026,2.5713551041398817,3.1499485770894795,8.777522520329939
73024,Alpujarra,-,1,1,-,-,-,1,0,59.031877213695395,46.04051565377532,0,0,0,23.80952380952381
73026,Alvarado,-,1,1,-,-,-,1,0,30.816640986132512,24.096385542168672,0,0,0,12.312238364934746
73030,Ambalema,-,1,1,-,-,-,1,0,40.51863857374392,31.79650238473768,0,0,0,16.25487646293888
73043,Anzoátegui,-,3,3,-,-,-,3,0,83.91608391608392,62.25357958082589,0,0,0,32.54855158945427
73067,Ataco,-,1,1,1,-,1,2,0,15.29753709652746,11.00594320933304,40.016006402561025,0,12.232415902140673,11.586814205434216
73124,Cajamarca,-,2,2,-,-,-,2,0,29.83293556085919,22.838871759735067,0,0,0,11.739845034045551
73148,Carmen de Apicalá,-,1,1,-,-,-,1,0,25.81977794990963,20.395676116663267,0,0,0,10.17708121310808
73168,Chaparral,2,-,2,-,-,-,2,32.04614645088928,0,8.4224711530363,0,0,0,4.291753395849875
73200,Coello,-,1,1,-,1,1,2,0,32.69042170644001,25.477707006369425,0,33.16749585406302,26.014568158168576,25.743338911056767
73217,Coyaima,-,-,-,2,-,2,2,0,0,0,75.75757575757575,0,19.739439399921043,9.667907381447286
73226,Cunday,-,2,2,-,-,-,2,0,62.73525721455457,48.93564962074871,0,0,0,25.627883136852894
73268,Espinal,1,4,5,-,-,-,5,14.721036360959813,15.457742396722958,15.304560759106213,0,0,0,7.481334071491629
73275,Flandes,-,2,2,-,-,-,2,0,19.498878814468167,15.255530129672007,0,0,0,7.476076555023923
73283,Fresno,-,4,4,-,-,-,4,0,34.66805338880222,26.86366689053056,0,0,0,13.731548232063165
73319,Guamo,-,2,2,-,-,-,2,0,16.732201121057475,13.163090693694878,0,0,0,6.502584777449036
73349,Honda,-,4,4,-,-,-,4,0,43.596730245231605,35.19887363604364,0,0,0,17.215407789972026
73001,Ibagué,1,31,32,3,8,11,43,2.0340913713844024,16.025641025641026,13.190328191853322,6.311006395153147,3.621990917857773,4.09822323394521,8.414691660257802
73408,Lérida,-,1,1,-,-,-,1,0,14.988009592326138,11.799410029498526,0,0,0,5.7408576841380095
73411,Líbano,-,6,6,-,-,-,6,0,45.815516188149054,35.810205908683976,0,0,0,17.598404411333373
73449,Melgar,1,4,5,-,-,-,5,26.497085320614733,28.708820785186248,28.237420229287853,0,0,0,14.255573929406397
73461,Murillo,-,1,1,-,-,-,1,0,64.14368184733803,48.4027105517909,0,0,0,26.171159382360635
73504,Ortega,-,1,1,-,1,1,2,0,8.267195767195767,6.10798924993892,0,8.891259891526628,6.599788806758183,6.344372541555639
73585,Purificación,1,2,3,-,-,-,3,43.63001745200698,23.312740412635502,27.59635728083893,0,0,0,13.654984069185252
73624,Rovira,-,1,1,-,-,-,1,0,13.239772275916854,9.792401096748922,0,0,0,5.044899606497831
73675,San Antonio,-,1,1,-,1,1,2,0,22.639800769753226,16.553550736633007,0,25.412960609911053,18.248175182481752,17.359604201024215
73443,San Sebastián de Mariquita,-,4,4,-,1,1,5,0,29.069767441860463,22.766078542970973,0,6.8338686530444885,5.461794745753454,13.93572842052454
73686,Santa Isabel,-,1,1,-,-,-,1,0,47.93863854266539,35.79098067287043,0,0,0,19.01863826550019
73854,Valle de San Juan,-,-,-,1,-,1,1,0,0,0,173.61111111111111,0,40.766408479412966,19.91238550378335
73861,Venadillo,-,2,2,-,1,1,3,0,42.58037044922291,32.760032760032765,0,21.753317380900587,17.307026652821047,25.246149962130776
76,Valle del Cauca,15,153,168,13,33,46,214,3.2674826660044567,10.054484793084617,8.481515848823038,2.873182159748928,1.8475564386502088,2.0548529596359875,5.071833996503279
76020,Alcalá,-,1,1,-,-,-,1,0,19.739439399921043,15.048908954100828,0,0,0,7.521058965102287
76036,Andalucía,-,1,1,-,-,-,1,0,12.858428700012858,9.879470460383324,0,0,0,4.746309744173905
76054,Argelia,-,-,-,-,1,1,1,0,0,0,0,60.24096385542169,44.03346543372963,20.751193193608636
76109,Buenaventura,2,8,10,1,1,2,12,4.465382125075354,9.396729937981583,7.6967481239176445,2.270302177219788,0.9728288891266915,1.362026695723236,4.335808357270609
76113,Bugalagrande,-,1,1,-,-,-,1,0,11.530035743110803,8.8999644001424,0,0,0,4.360718646432932
76122,Caicedonia,-,1,1,-,1,1,2,0,9.701202949165696,7.587253414264036,0,9.272137227630969,7.344300822561692,7.4638005672488426
76001,Cali,5,68,73,6,18,24,97,2.3833697988912563,8.916816591573083,7.507268166817669,2.87015422295358,1.9424348636842377,2.1131969147325047,4.6012757392755885
76126,Calima,-,2,2,-,-,-,2,0,30.613806826878925,23.61275088547816,0,0,0,11.720581340834507
76130,Candelaria,1,3,4,-,-,-,4,9.424182452172275,9.648163632855214,9.591176117971466,0,0,0,4.6116952591772735
76147,Cartago,-,6,6,1,-,1,7,0,12.911000172146668,10.065931853641352,7.637668983426257,0,1.4382281029771322,5.420599828089548
76233,Dagua,-,4,4,-,-,-,4,0,23.028209556706965,17.538475029596174,0,0,0,8.817564588660613
76248,El Cerrito,-,4,4,-,2,2,6,0,20.608995826678346,15.807777426493836,0,9.119095385737735,7.181586412438508,11.28816811845051
76275,Florida,-,2,2,-,-,-,2,0,10.396631491396787,7.746233394012162,0,0,0,3.724464142721466
76306,Ginebra,-,1,1,1,-,1,2,0,12.275963663147557,9.437523593808985,43.196544276457885,0,9.091735612328394,9.26140310257004
76318,Guacarí,-,1,1,-,-,-,1,0,8.849557522123893,6.6720042700827324,0,0,0,3.208213025344883
76111,Guadalajara de Buga,-,7,7,-,1,1,8,0,15.717621699299443,12.249969375076564,0,1.9694343784465103,1.5808027316271203,6.644407900200993
76364,Jamundí,1,3,4,-,1,1,5,5.705808513066301,5.226298735235706,5.3384582532564595,0,1.563917300053173,1.2380221358357888,3.2112625399802184
76377,La Cumbre,-,2,2,-,-,-,2,0,31.821797931583138,25.493945188017843,0,0,0,12.835322808368629
76400,La Unión,-,2,2,-,-,-,2,0,17.473353136466887,13.259082471492974,0,0,0,6.202512017367034
76403,La Victoria,-,1,1,-,-,-,1,0,23.99232245681382,18.98614011771407,0,0,0,8.947745168217608
76497,Obando,-,1,1,-,-,-,1,0,24.283632831471586,18.198362147406733,0,0,0,8.93016610108948
76520,Palmira,-,12,12,-,3,3,15,0,9.790883056060965,7.654330437444984,0,2.1331361367482473,1.72325649524094,4.533598498472178
76563,Pradera,1,4,5,-,-,-,5,18.099547511312217,25.463110318925455,23.547141377036827,0,0,0,11.177930294426684
76606,Restrepo,-,2,2,1,-,1,3,0,37.81433163168841,28.62458852154,62.22775357809583,0,13.904338153503893,21.15805063826786
76616,Riofrío,1,-,1,-,-,-,1,57.37234652897303,0,14.14227124876255,0,0,0,6.993496048674733
76622,Roldanillo,-,2,2,-,-,-,2,0,16.105653084232568,12.339585389930898,0,0,0,5.7939105999594425
76670,San Pedro,-,-,-,1,-,1,1,0,0,0,55.71030640668524,0,12.26692836113837,6.264094211976948
76736,Sevilla,-,-,-,-,1,1,1,0,0,0,0,6.366993505666624,5.078204346942921,2.5795800443687766
76823,Toro,-,1,1,-,-,-,1,0,20.885547201336674,15.590894917368257,0,0,0,7.456565505927969
76828,Trujillo,-,1,1,-,-,-,1,0,15.318627450980392,11.339154099104206,0,0,0,5.6850483229107445
76834,Tuluá,3,5,8,-,2,2,10,13.152702880441932,6.836017609581362,8.337588977707371,0,2.3194591021373814,1.8435728441720052,4.891506388307343
76863,Versalles,-,-,-,1,-,1,1,0,0,0,140.25245441795232,0,30.129557095510695,15.4273372415921
76890,Yotoco,1,3,4,-,1,1,5,59.13660555884093,51.422694549194375,53.15614617940199,0,16.894745734076704,13.166556945358787,33.06878306878307
76892,Yumbo,-,4,4,-,1,1,5,0,10.679482045120812,8.164931618697693,0,2.3906858877812045,1.8733959047565523,4.8842911428264415
76895,Zarzal,-,-,-,1,-,1,1,0,0,0,21.682567215958368,0,4.779886238707519,2.53318471982977
97,Vaupés,-,7,7,-,4,4,11,0,56.670984455958546,33.22889964872306,0,38.11701924909472,20.920502092050206,27.37271686657045
97001,Mitú,-,7,7,-,4,4,11,0,75.39041464728055,45.19628099173554,0,49.87531172069825,28.186879007821858,37.06324337073352
99,Vichada,1,2,3,-,-,-,3,5.4282922592552385,5.753077896674721,5.640582108073553,0,0,0,2.981692408611128
99773,Cumaribo,-,2,2,-,-,-,2,0,8.629244509643181,5.399568034557236,0,0,0,2.877863474156786
99524,La Primavera,1,-,1,-,-,-,1,72.09805335255948,0,21.71552660152009,0,0,0,11.37397634212921
0,TOTAL,164,2015,2179,120,390,510,2689,3.099809323924026,11.437339866599181,9.511802689155555,2.3635786708297166,2.0374151971635417,2.1057892357669705,5.705818804201698
Según la evidencia científica no se ha demostrado que las personas menores de 5 años cometan el acto del suicidio,,,,,,,,,,,,,,,
"Para el cálculo de las tasas estadísticas con base en las proyecciones de población DANE, se excluye el grupo menor de 5 años; según la evidencia científica no se ha demostrado que en este rango de edad se cometa el acto del suicidio",,,,,,,,,,,,,,,
"Tasas calculadas con base en las proyecciones de la población, DANE 2019 - 2023.",,,,,,,,,,,,,,,
FUENTE: Instituto Nacional de Medicina Legal y Ciencias Forenses - INMLCF,,,,,,,,,,,,,,,
Grupo: Centro de Referencia Nacional Sobre la Violencia - GCERN,,,,,,,,,,,,,,,
Base: Sistema de Información Red de Desaparecidos y Cadáveres - SIRDEC ,,,,,,,,,,,,,,,
