 DIVIPOLA,"VIOLENCIA INTRAFAMILIAR (VIF) EN COLOMBIA AÑO 2020

NÚMERO DE CASOS","VIOLENCIA CONTRA NIÑOS, NIÑAS Y ADOLESCENTES (VIF)","VIOLENCIA CONTRA NIÑOS, NIÑAS Y ADOLESCENTES (VIF).1","VIOLENCIA CONTRA NIÑOS, NIÑAS Y ADOLESCENTES (VIF).2","VIOLENCIA CONTRA NIÑOS, NIÑAS Y ADOLESCENTES (VIF).3","VIOLENCIA CONTRA NIÑOS, NIÑAS Y ADOLESCENTES (VIF).4","VIOLENCIA CONTRA NIÑOS, NIÑAS Y ADOLESCENTES (VIF).5","VIOLENCIA CONTRA NIÑOS, NIÑAS Y ADOLESCENTES (VIF).6",VIOLENCIA ENTRE OTROS FAMILIARES (VIF),VIOLENCIA ENTRE OTROS FAMILIARES (VIF).1,VIOLENCIA ENTRE OTROS FAMILIARES (VIF).2,VIOLENCIA ENTRE OTROS FAMILIARES (VIF).3,VIOLENCIA ENTRE OTROS FAMILIARES (VIF).4,VIOLENCIA ENTRE OTROS FAMILIARES (VIF).5,VIOLENCIA ENTRE OTROS FAMILIARES (VIF).6,VIOLENCIA CONTRA EL ADULTO MAYOR (VIF),VIOLENCIA CONTRA EL ADULTO MAYOR (VIF).1,VIOLENCIA CONTRA EL ADULTO MAYOR (VIF).2,VIOLENCIA CONTRA EL ADULTO MAYOR (VIF).3,VIOLENCIA CONTRA EL ADULTO MAYOR (VIF).4,VIOLENCIA CONTRA EL ADULTO MAYOR (VIF).5,VIOLENCIA CONTRA EL ADULTO MAYOR (VIF).6,TOTAL VIOLENCIA INTRAFAMILIAR,TOTAL VIOLENCIA INTRAFAMILIAR.1,TOTAL VIOLENCIA INTRAFAMILIAR.2,TOTAL VIOLENCIA INTRAFAMILIAR.3,TOTAL VIOLENCIA INTRAFAMILIAR.4,TOTAL VIOLENCIA INTRAFAMILIAR.5,TOTAL VIOLENCIA INTRAFAMILIAR.6
CÓDIGOS,SEXO,Hombre,Hombre,HOMBRE,Mujer,Mujer,MUJER,TOTAL,Hombre,Hombre,HOMBRE,Mujer,Mujer,MUJER,TOTAL,Hombre,Hombre,HOMBRE,Mujer,Mujer,MUJER,TOTAL,Hombre,Hombre,HOMBRE,Mujer,Mujer,MUJER,TOTAL
N°,DEPARTAMENTO Y MUNICIPIO DEL HECHO DANE / MAYOR DE EDAD (> 18 AÑOS) O MENOR DE EDAD (< 18 AÑOS),Menores de Edad (<18 años),Mayores de Edad (>18 años),TOTAL,Menores de Edad (<18 años),Mayores de Edad (>18 años),TOTAL,,Menores de Edad (<18 años),Mayores de Edad (>18 años),TOTAL,Menores de Edad (<18 años),Mayores de Edad (>18 años),TOTAL,,Menores de Edad (<18 años),Mayores de Edad (>18 años),TOTAL,Menores de Edad (<18 años),Mayores de Edad (>18 años),TOTAL,,Menores de Edad (<18 años),Mayores de Edad (>18 años),TOTAL,Menores de Edad (<18 años),Mayores de Edad (>18 años),TOTAL,
91,Amazonas,16,0,16,21,0,21,37,0,10,10,0,19,19,29,0,2,2,0,2,2,4,16,12,28,21,21,42,70
91001,Leticia,16,0,16,21,0,21,37,0,10,10,0,19,19,29,0,2,2,0,2,2,4,16,12,28,21,21,42,70
5,Antioquia,319,0,319,373,0,373,692,0,488,488,0,941,941,1429,0,109,109,0,127,127,236,319,597,916,373,1068,1441,2357
5002,Abejorral,0,0,0,1,0,1,1,0,0,0,0,0,0,0,0,0,0,0,0,0,0,0,0,0,1,0,1,1
5030,Amagá,2,0,2,3,0,3,5,0,6,6,0,10,10,16,0,0,0,0,0,0,0,2,6,8,3,10,13,21
5031,Amalfi,0,0,0,1,0,1,1,0,0,0,0,4,4,4,0,0,0,0,0,0,0,0,0,0,1,4,5,5
5034,Andes,3,0,3,1,0,1,4,0,9,9,0,10,10,19,0,2,2,0,1,1,3,3,11,14,1,11,12,26
5036,Angelópolis,0,0,0,1,0,1,1,0,0,0,0,1,1,1,0,0,0,0,0,0,0,0,0,0,1,1,2,2
5038,Angostura,0,0,0,1,0,1,1,0,1,1,0,0,0,1,0,0,0,0,0,0,0,0,1,1,1,0,1,2
5040,Anorí,0,0,0,1,0,1,1,0,1,1,0,3,3,4,0,0,0,0,0,0,0,0,1,1,1,3,4,5
5044,Anzá,1,0,1,2,0,2,3,0,0,0,0,0,0,0,0,0,0,0,0,0,0,1,0,1,2,0,2,3
5045,Apartadó,0,0,0,0,0,0,0,0,1,1,0,4,4,5,0,0,0,0,0,0,0,0,1,1,0,4,4,5
5079,Barbosa,3,0,3,8,0,8,11,0,4,4,0,20,20,24,0,2,2,0,3,3,5,3,6,9,8,23,31,40
5088,Bello,27,0,27,15,0,15,42,0,38,38,0,65,65,103,0,9,9,0,9,9,18,27,47,74,15,74,89,163
5086,Belmira,1,0,1,1,0,1,2,0,0,0,0,1,1,1,0,0,0,0,0,0,0,1,0,1,1,1,2,3
5091,Betania,1,0,1,1,0,1,2,0,1,1,0,1,1,2,0,0,0,0,0,0,0,1,1,2,1,1,2,4
5093,Betulia,1,0,1,1,0,1,2,0,1,1,0,1,1,2,0,2,2,0,0,0,2,1,3,4,1,1,2,6
5107,Briceño,2,0,2,5,0,5,7,0,0,0,0,3,3,3,0,1,1,0,1,1,2,2,1,3,5,4,9,12
5120,Cáceres,0,0,0,1,0,1,1,0,0,0,0,0,0,0,0,0,0,0,0,0,0,0,0,0,1,0,1,1
5129,Caldas,8,0,8,3,0,3,11,0,15,15,0,20,20,35,0,2,2,0,2,2,4,8,17,25,3,22,25,50
5134,Campamento,1,0,1,0,0,0,1,0,0,0,0,1,1,1,0,0,0,0,0,0,0,1,0,1,0,1,1,2
5138,Cañasgordas,4,0,4,0,0,0,4,0,0,0,0,4,4,4,0,0,0,0,1,1,1,4,0,4,0,5,5,9
5142,Caracolí,0,0,0,0,0,0,0,0,0,0,0,1,1,1,0,0,0,0,0,0,0,0,0,0,0,1,1,1
5150,Carolina,1,0,1,0,0,0,1,0,1,1,0,2,2,3,0,0,0,0,0,0,0,1,1,2,0,2,2,4
5154,Caucasia,4,0,4,3,0,3,7,0,6,6,0,6,6,12,0,1,1,0,0,0,1,4,7,11,3,6,9,20
5190,Cisneros,1,0,1,2,0,2,3,0,1,1,0,1,1,2,0,0,0,0,0,0,0,1,1,2,2,1,3,5
5101,Ciudad Bolívar,1,0,1,0,0,0,1,0,0,0,0,6,6,6,0,2,2,0,0,0,2,1,2,3,0,6,6,9
5206,Concepción,0,0,0,1,0,1,1,0,4,4,0,2,2,6,0,0,0,0,0,0,0,0,4,4,1,2,3,7
5209,Concordia,0,0,0,2,0,2,2,0,2,2,0,1,1,3,0,0,0,0,0,0,0,0,2,2,2,1,3,5
5212,Copacabana,7,0,7,4,0,4,11,0,14,14,0,15,15,29,0,3,3,0,1,1,4,7,17,24,4,16,20,44
5234,Dabeiba,0,0,0,6,0,6,6,0,6,6,0,5,5,11,0,0,0,0,0,0,0,0,6,6,6,5,11,17
5237,Donmatías,0,0,0,0,0,0,0,0,0,0,0,0,0,0,0,1,1,0,1,1,2,0,1,1,0,1,1,2
5240,Ebéjico,0,0,0,2,0,2,2,0,0,0,0,0,0,0,0,0,0,0,0,0,0,0,0,0,2,0,2,2
5148,El Carmen de Viboral,5,0,5,3,0,3,8,0,3,3,0,13,13,16,0,1,1,0,0,0,1,5,4,9,3,13,16,25
5697,El Santuario,1,0,1,1,0,1,2,0,3,3,0,2,2,5,0,1,1,0,0,0,1,1,4,5,1,2,3,8
5264,Entrerríos,0,0,0,1,0,1,1,0,0,0,0,0,0,0,0,0,0,0,0,0,0,0,0,0,1,0,1,1
5266,Envigado,3,0,3,12,0,12,15,0,23,23,0,22,22,45,0,4,4,0,4,4,8,3,27,30,12,26,38,68
5282,Fredonia,1,0,1,3,0,3,4,0,1,1,0,6,6,7,0,1,1,0,0,0,1,1,2,3,3,6,9,12
5308,Girardota,1,0,1,1,0,1,2,0,7,7,0,8,8,15,0,1,1,0,0,0,1,1,8,9,1,8,9,18
5310,Gómez Plata,3,0,3,1,0,1,4,0,2,2,0,2,2,4,0,0,0,0,1,1,1,3,2,5,1,3,4,9
5315,Guadalupe,1,0,1,0,0,0,1,0,0,0,0,3,3,3,0,1,1,0,0,0,1,1,1,2,0,3,3,5
5318,Guarne,18,0,18,20,0,20,38,0,12,12,0,23,23,35,0,3,3,0,3,3,6,18,15,33,20,26,46,79
5321,Guatapé,2,0,2,3,0,3,5,0,0,0,0,1,1,1,0,0,0,0,0,0,0,2,0,2,3,1,4,6
5353,Hispania,1,0,1,1,0,1,2,0,0,0,0,0,0,0,0,0,0,0,0,0,0,1,0,1,1,0,1,2
5360,Itagüí,10,0,10,13,0,13,23,0,18,18,0,47,47,65,0,6,6,0,6,6,12,10,24,34,13,53,66,100
5361,Ituango,1,0,1,0,0,0,1,0,1,1,0,1,1,2,0,0,0,0,0,0,0,1,1,2,0,1,1,3
5364,Jardín,1,0,1,2,0,2,3,0,2,2,0,4,4,6,0,0,0,0,0,0,0,1,2,3,2,4,6,9
5368,Jericó,3,0,3,1,0,1,4,0,3,3,0,6,6,9,0,1,1,0,2,2,3,3,4,7,1,8,9,16
5376,La Ceja,12,0,12,13,0,13,25,0,5,5,0,22,22,27,0,4,4,0,1,1,5,12,9,21,13,23,36,57
5380,La Estrella,4,0,4,4,0,4,8,0,6,6,0,8,8,14,0,1,1,0,4,4,5,4,7,11,4,12,16,27
5400,La Unión,0,0,0,1,0,1,1,0,0,0,0,0,0,0,0,0,0,0,0,0,0,0,0,0,1,0,1,1
5411,Liborina,0,0,0,1,0,1,1,0,0,0,0,0,0,0,0,0,0,0,0,0,0,0,0,0,1,0,1,1
5425,Maceo,0,0,0,1,0,1,1,0,0,0,0,0,0,0,0,0,0,0,0,0,0,0,0,0,1,0,1,1
5001,Medellín,125,0,125,142,0,142,267,0,235,235,0,467,467,702,0,51,51,0,77,77,128,125,286,411,142,544,686,1097
5467,Montebello,2,0,2,0,0,0,2,0,1,1,0,0,0,1,0,0,0,0,0,0,0,2,1,3,0,0,0,3
5480,Mutatá,2,0,2,1,0,1,3,0,0,0,0,2,2,2,0,0,0,0,0,0,0,2,0,2,1,2,3,5
5495,Nechí,0,0,0,0,0,0,0,0,0,0,0,1,1,1,0,0,0,0,0,0,0,0,0,0,0,1,1,1
5490,Necoclí,1,0,1,0,0,0,1,0,0,0,0,0,0,0,0,0,0,0,0,0,0,1,0,1,0,0,0,1
5541,Peñol,2,0,2,0,0,0,2,0,2,2,0,2,2,4,0,0,0,0,0,0,0,2,2,4,0,2,2,6
5579,Puerto Berrío,3,0,3,2,0,2,5,0,4,4,0,6,6,10,0,2,2,0,0,0,2,3,6,9,2,6,8,17
5591,Puerto Triunfo,1,0,1,0,0,0,1,0,0,0,0,3,3,3,0,0,0,0,1,1,1,1,0,1,0,4,4,5
5604,Remedios,0,0,0,0,0,0,0,0,1,1,0,1,1,2,0,0,0,0,0,0,0,0,1,1,0,1,1,2
5607,Retiro,1,0,1,1,0,1,2,0,2,2,0,7,7,9,0,0,0,0,0,0,0,1,2,3,1,7,8,11
5615,Rionegro,1,0,1,5,0,5,6,0,3,3,0,18,18,21,0,1,1,0,2,2,3,1,4,5,5,20,25,30
5631,Sabaneta,2,0,2,8,0,8,10,0,3,3,0,6,6,9,0,0,0,0,1,1,1,2,3,5,8,7,15,20
5642,Salgar,4,0,4,5,0,5,9,0,0,0,0,4,4,4,0,0,0,0,0,0,0,4,0,4,5,4,9,13
5647,San Andrés de Cuerquía,0,0,0,1,0,1,1,0,2,2,0,2,2,4,0,0,0,0,0,0,0,0,2,2,1,2,3,5
5649,San Carlos,1,0,1,1,0,1,2,0,2,2,0,5,5,7,0,0,0,0,0,0,0,1,2,3,1,5,6,9
5656,San Jerónimo,1,0,1,2,0,2,3,0,0,0,0,1,1,1,0,0,0,0,0,0,0,1,0,1,2,1,3,4
5660,San Luis,0,0,0,3,0,3,3,0,2,2,0,1,1,3,0,0,0,0,0,0,0,0,2,2,3,1,4,6
5664,San Pedro de los Milagros,3,0,3,5,0,5,8,0,2,2,0,8,8,10,0,1,1,0,1,1,2,3,3,6,5,9,14,20
5667,San Rafael,2,0,2,0,0,0,2,0,1,1,0,4,4,5,0,1,1,0,0,0,1,2,2,4,0,4,4,8
5670,San Roque,1,0,1,4,0,4,5,0,2,2,0,4,4,6,0,0,0,0,2,2,2,1,2,3,4,6,10,13
5679,Santa Bárbara,0,0,0,0,0,0,0,0,3,3,0,3,3,6,0,0,0,0,0,0,0,0,3,3,0,3,3,6
5042,Santa Fé de Antioquia,1,0,1,3,0,3,4,0,6,6,0,5,5,11,0,1,1,0,1,1,2,1,7,8,3,6,9,17
5686,Santa Rosa de Osos,2,0,2,1,0,1,3,0,3,3,0,1,1,4,0,0,0,0,0,0,0,2,3,5,1,1,2,7
5690,Santo Domingo,0,0,0,0,0,0,0,0,0,0,0,1,1,1,0,0,0,0,0,0,0,0,0,0,0,1,1,1
5736,Segovia,0,0,0,0,0,0,0,0,2,2,0,4,4,6,0,0,0,0,0,0,0,0,2,2,0,4,4,6
5756,Sonsón,2,0,2,5,0,5,7,0,0,0,0,6,6,6,0,0,0,0,1,1,1,2,0,2,5,7,12,14
5761,Sopetrán,1,0,1,2,0,2,3,0,1,1,0,0,0,1,0,0,0,0,0,0,0,1,1,2,2,0,2,4
5790,Tarazá,0,0,0,1,0,1,1,0,1,1,0,3,3,4,0,0,0,0,0,0,0,0,1,1,1,3,4,5
5837,Turbo,1,0,1,2,0,2,3,0,1,1,0,5,5,6,0,0,0,0,0,0,0,1,1,2,2,5,7,9
5842,Uramita,0,0,0,0,0,0,0,0,0,0,0,1,1,1,0,0,0,0,0,0,0,0,0,0,0,1,1,1
5847,Urrao,1,0,1,5,0,5,6,0,6,6,0,1,1,7,0,0,0,0,1,1,1,1,6,7,5,2,7,14
5854,Valdivia,1,0,1,1,0,1,2,0,0,0,0,0,0,0,0,1,1,0,0,0,1,1,1,2,1,0,1,3
5858,Vegachí,6,0,6,2,0,2,8,0,1,1,0,3,3,4,0,0,0,0,0,0,0,6,1,7,2,3,5,12
5861,Venecia,1,0,1,1,0,1,2,0,1,1,0,5,5,6,0,0,0,0,0,0,0,1,1,2,1,5,6,8
5885,Yalí,1,0,1,1,0,1,2,0,0,0,0,1,1,1,0,0,0,0,0,0,0,1,0,1,1,1,2,3
5887,Yarumal,13,0,13,18,0,18,31,0,3,3,0,3,3,6,0,2,2,0,0,0,2,13,5,18,18,3,21,39
5890,Yolombó,2,0,2,1,0,1,3,0,1,1,0,1,1,2,0,0,0,0,0,0,0,2,1,3,1,1,2,5
5893,Yondó,0,0,0,2,0,2,2,0,0,0,0,1,1,1,0,0,0,0,0,0,0,0,0,0,2,1,3,3
81,Arauca,52,0,52,55,0,55,107,0,35,35,0,85,85,120,0,4,4,0,7,7,11,52,39,91,55,92,147,238
81001,Arauca,27,0,27,26,0,26,53,0,23,23,0,45,45,68,0,2,2,0,6,6,8,27,25,52,26,51,77,129
81065,Arauquita,6,0,6,6,0,6,12,0,3,3,0,4,4,7,0,0,0,0,0,0,0,6,3,9,6,4,10,19
81220,Cravo Norte,1,0,1,0,0,0,1,0,0,0,0,2,2,2,0,0,0,0,0,0,0,1,0,1,0,2,2,3
81300,Fortul,5,0,5,11,0,11,16,0,1,1,0,4,4,5,0,0,0,0,0,0,0,5,1,6,11,4,15,21
81591,Puerto Rondón,0,0,0,0,0,0,0,0,0,0,0,1,1,1,0,1,1,0,0,0,1,0,1,1,0,1,1,2
81736,Saravena,5,0,5,6,0,6,11,0,4,4,0,7,7,11,0,1,1,0,0,0,1,5,5,10,6,7,13,23
81794,Tame,8,0,8,6,0,6,14,0,4,4,0,22,22,26,0,0,0,0,1,1,1,8,4,12,6,23,29,41
88,"Archipiélago de San Andrés, Providencia y Santa Catalina",6,0,6,10,0,10,16,0,14,14,0,30,30,44,0,3,3,0,3,3,6,6,17,23,10,33,43,66
88001,San Andrés,6,0,6,10,0,10,16,0,14,14,0,30,30,44,0,3,3,0,3,3,6,6,17,23,10,33,43,66
8,Atlántico,67,0,67,78,0,78,145,0,159,159,0,303,303,462,0,42,42,0,44,44,86,67,201,268,78,347,425,693
8078,Baranoa,1,0,1,4,0,4,5,0,3,3,0,12,12,15,0,1,1,0,1,1,2,1,4,5,4,13,17,22
8001,Barranquilla,47,0,47,48,0,48,95,0,104,104,0,207,207,311,0,24,24,0,26,26,50,47,128,175,48,233,281,456
8137,Campo de la Cruz,0,0,0,0,0,0,0,0,0,0,0,1,1,1,0,0,0,0,0,0,0,0,0,0,0,1,1,1
8296,Galapa,2,0,2,0,0,0,2,0,3,3,0,4,4,7,0,0,0,0,1,1,1,2,3,5,0,5,5,10
8372,Juan de Acosta,0,0,0,0,0,0,0,0,0,0,0,0,0,0,0,1,1,0,0,0,1,0,1,1,0,0,0,1
8421,Luruaco,0,0,0,0,0,0,0,0,2,2,0,0,0,2,0,1,1,0,0,0,1,0,3,3,0,0,0,3
8433,Malambo,3,0,3,6,0,6,9,0,11,11,0,14,14,25,0,4,4,0,3,3,7,3,15,18,6,17,23,41
8436,Manatí,0,0,0,0,0,0,0,0,1,1,0,1,1,2,0,0,0,0,0,0,0,0,1,1,0,1,1,2
8520,Palmar de Varela,0,0,0,0,0,0,0,0,2,2,0,2,2,4,0,2,2,0,2,2,4,0,4,4,0,4,4,8
8558,Polonuevo,0,0,0,0,0,0,0,0,3,3,0,1,1,4,0,0,0,0,0,0,0,0,3,3,0,1,1,4
8560,Ponedera,0,0,0,0,0,0,0,0,0,0,0,0,0,0,0,1,1,0,1,1,2,0,1,1,0,1,1,2
8573,Puerto Colombia,0,0,0,2,0,2,2,0,1,1,0,5,5,6,0,0,0,0,0,0,0,0,1,1,2,5,7,8
8606,Repelón,0,0,0,0,0,0,0,0,1,1,0,0,0,1,0,1,1,0,0,0,1,0,2,2,0,0,0,2
8634,Sabanagrande,1,0,1,0,0,0,1,0,2,2,0,2,2,4,0,0,0,0,0,0,0,1,2,3,0,2,2,5
8638,Sabanalarga,1,0,1,1,0,1,2,0,7,7,0,5,5,12,0,0,0,0,0,0,0,1,7,8,1,5,6,14
8685,Santo Tomás,0,0,0,0,0,0,0,0,1,1,0,0,0,1,0,0,0,0,0,0,0,0,1,1,0,0,0,1
8758,Soledad,12,0,12,17,0,17,29,0,18,18,0,46,46,64,0,7,7,0,10,10,17,12,25,37,17,56,73,110
8832,Tubará,0,0,0,0,0,0,0,0,0,0,0,3,3,3,0,0,0,0,0,0,0,0,0,0,0,3,3,3
11,"Bogotá, D.C.",753,0,753,765,0,765,1518,0,1062,1062,0,1734,1734,2796,0,216,216,0,216,216,432,753,1278,2031,765,1950,2715,4746
11001,"Bogotá, D.C.",753,0,753,765,0,765,1518,0,1062,1062,0,1734,1734,2796,0,216,216,0,216,216,432,753,1278,2031,765,1950,2715,4746
13,Bolívar,31,0,31,41,0,41,72,0,68,68,0,119,119,187,0,13,13,0,14,14,27,31,81,112,41,133,174,286
13030,Altos del Rosario,0,0,0,0,0,0,0,0,0,0,0,1,1,1,0,0,0,0,0,0,0,0,0,0,0,1,1,1
13042,Arenal,0,0,0,0,0,0,0,0,0,0,0,1,1,1,0,0,0,0,0,0,0,0,0,0,0,1,1,1
13052,Arjona,1,0,1,2,0,2,3,0,0,0,0,1,1,1,0,0,0,0,0,0,0,1,0,1,2,1,3,4
13140,Calamar,0,0,0,0,0,0,0,0,1,1,0,0,0,1,0,0,0,0,0,0,0,0,1,1,0,0,0,1
13001,Cartagena de Indias,27,0,27,31,0,31,58,0,46,46,0,93,93,139,0,7,7,0,11,11,18,27,53,80,31,104,135,215
13188,Cicuco,0,0,0,0,0,0,0,0,1,1,0,0,0,1,0,0,0,0,0,0,0,0,1,1,0,0,0,1
13244,El Carmen de Bolívar,2,0,2,3,0,3,5,0,4,4,0,6,6,10,0,0,0,0,0,0,0,2,4,6,3,6,9,15
13430,Magangué,1,0,1,2,0,2,3,0,6,6,0,9,9,15,0,2,2,0,1,1,3,1,8,9,2,10,12,21
13433,Mahates,0,0,0,0,0,0,0,0,1,1,0,0,0,1,0,0,0,0,0,0,0,0,1,1,0,0,0,1
13442,María la Baja,0,0,0,0,0,0,0,0,1,1,0,0,0,1,0,0,0,0,0,0,0,0,1,1,0,0,0,1
13549,Pinillos,0,0,0,0,0,0,0,0,0,0,0,0,0,0,0,1,1,0,0,0,1,0,1,1,0,0,0,1
13620,San Cristóbal,0,0,0,1,0,1,1,0,0,0,0,0,0,0,0,0,0,0,0,0,0,0,0,0,1,0,1,1
13647,San Estanislao,0,0,0,0,0,0,0,0,0,0,0,0,0,0,0,1,1,0,1,1,2,0,1,1,0,1,1,2
13654,San Jacinto,0,0,0,0,0,0,0,0,0,0,0,1,1,1,0,0,0,0,0,0,0,0,0,0,0,1,1,1
13657,San Juan Nepomuceno,0,0,0,0,0,0,0,0,0,0,0,1,1,1,0,0,0,0,0,0,0,0,0,0,0,1,1,1
13683,Santa Rosa,0,0,0,1,0,1,1,0,1,1,0,1,1,2,0,1,1,0,0,0,1,0,2,2,1,1,2,4
13760,Soplaviento,0,0,0,0,0,0,0,0,1,1,0,0,0,1,0,0,0,0,1,1,1,0,1,1,0,1,1,2
13780,Talaigua Nuevo,0,0,0,0,0,0,0,0,1,1,0,0,0,1,0,0,0,0,0,0,0,0,1,1,0,0,0,1
13836,Turbaco,0,0,0,0,0,0,0,0,3,3,0,2,2,5,0,0,0,0,0,0,0,0,3,3,0,2,2,5
13838,Turbaná,0,0,0,0,0,0,0,0,2,2,0,1,1,3,0,0,0,0,0,0,0,0,2,2,0,1,1,3
13873,Villanueva,0,0,0,1,0,1,1,0,0,0,0,2,2,2,0,1,1,0,0,0,1,0,1,1,1,2,3,4
15,Boyacá,82,0,82,87,0,87,169,0,163,163,0,232,232,395,0,16,16,0,19,19,35,82,179,261,87,251,338,599
15022,Almeida,0,0,0,0,0,0,0,0,0,0,0,1,1,1,0,0,0,0,0,0,0,0,0,0,0,1,1,1
15047,Aquitania,0,0,0,1,0,1,1,0,0,0,0,0,0,0,0,0,0,0,1,1,1,0,0,0,1,1,2,2
15087,Belén,0,0,0,0,0,0,0,0,0,0,0,0,0,0,0,0,0,0,1,1,1,0,0,0,0,1,1,1
15090,Berbeo,0,0,0,0,0,0,0,0,1,1,0,0,0,1,0,0,0,0,0,0,0,0,1,1,0,0,0,1
15104,Boyacá,0,0,0,1,0,1,1,0,1,1,0,1,1,2,0,0,0,0,0,0,0,0,1,1,1,1,2,3
15162,Cerinza,0,0,0,0,0,0,0,0,1,1,0,1,1,2,0,0,0,0,0,0,0,0,1,1,0,1,1,2
15176,Chiquinquirá,1,0,1,3,0,3,4,0,5,5,0,7,7,12,0,1,1,0,0,0,1,1,6,7,3,7,10,17
15185,Chitaraque,0,0,0,0,0,0,0,0,2,2,0,0,0,2,0,0,0,0,1,1,1,0,2,2,0,1,1,3
15187,Chivatá,0,0,0,0,0,0,0,0,2,2,0,0,0,2,0,0,0,0,0,0,0,0,2,2,0,0,0,2
15236,Chivor,1,0,1,0,0,0,1,0,0,0,0,0,0,0,0,0,0,0,0,0,0,1,0,1,0,0,0,1
15204,Cómbita,1,0,1,0,0,0,1,0,0,0,0,3,3,3,0,1,1,0,0,0,1,1,1,2,0,3,3,5
15223,Cubará,1,0,1,0,0,0,1,0,0,0,0,0,0,0,0,0,0,0,0,0,0,1,0,1,0,0,0,1
15224,Cucaita,0,0,0,0,0,0,0,0,0,0,0,1,1,1,0,0,0,0,0,0,0,0,0,0,0,1,1,1
15238,Duitama,18,0,18,14,0,14,32,0,25,25,0,30,30,55,0,2,2,0,1,1,3,18,27,45,14,31,45,90
15272,Firavitoba,0,0,0,0,0,0,0,0,1,1,0,1,1,2,0,0,0,0,0,0,0,0,1,1,0,1,1,2
15299,Garagoa,2,0,2,2,0,2,4,0,2,2,0,3,3,5,0,0,0,0,0,0,0,2,2,4,2,3,5,9
15362,Iza,0,0,0,0,0,0,0,0,1,1,0,1,1,2,0,1,1,0,0,0,1,0,2,2,0,1,1,3
15367,Jenesano,1,0,1,1,0,1,2,0,1,1,0,0,0,1,0,0,0,0,0,0,0,1,1,2,1,0,1,3
15368,Jericó,0,0,0,0,0,0,0,0,1,1,0,0,0,1,0,0,0,0,0,0,0,0,1,1,0,0,0,1
15377,Labranzagrande,0,0,0,0,0,0,0,0,3,3,0,1,1,4,0,0,0,0,0,0,0,0,3,3,0,1,1,4
15469,Moniquirá,0,0,0,0,0,0,0,0,0,0,0,1,1,1,0,0,0,0,0,0,0,0,0,0,0,1,1,1
15476,Motavita,1,0,1,2,0,2,3,0,1,1,0,2,2,3,0,0,0,0,0,0,0,1,1,2,2,2,4,6
15491,Nobsa,0,0,0,0,0,0,0,0,2,2,0,3,3,5,0,0,0,0,0,0,0,0,2,2,0,3,3,5
15494,Nuevo Colón,0,0,0,0,0,0,0,0,0,0,0,1,1,1,0,0,0,0,0,0,0,0,0,0,0,1,1,1
15500,Oicatá,0,0,0,1,0,1,1,0,0,0,0,1,1,1,0,0,0,0,0,0,0,0,0,0,1,1,2,2
15516,Paipa,2,0,2,0,0,0,2,0,4,4,0,2,2,6,0,0,0,0,0,0,0,2,4,6,0,2,2,8
15537,Paz de Río,0,0,0,0,0,0,0,0,0,0,0,0,0,0,0,0,0,0,1,1,1,0,0,0,0,1,1,1
15542,Pesca,0,0,0,0,0,0,0,0,0,0,0,0,0,0,0,1,1,0,0,0,1,0,1,1,0,0,0,1
15572,Puerto Boyacá,1,0,1,3,0,3,4,0,5,5,0,10,10,15,0,0,0,0,0,0,0,1,5,6,3,10,13,19
15599,Ramiriquí,0,0,0,0,0,0,0,0,1,1,0,2,2,3,0,0,0,0,0,0,0,0,1,1,0,2,2,3
15632,Saboyá,2,0,2,2,0,2,4,0,0,0,0,0,0,0,0,0,0,0,0,0,0,2,0,2,2,0,2,4
15646,Samacá,0,0,0,0,0,0,0,0,2,2,0,0,0,2,0,0,0,0,0,0,0,0,2,2,0,0,0,2
15660,San Eduardo,0,0,0,0,0,0,0,0,1,1,0,0,0,1,0,0,0,0,0,0,0,0,1,1,0,0,0,1
15664,San José de Pare,0,0,0,0,0,0,0,0,0,0,0,0,0,0,0,0,0,0,1,1,1,0,0,0,0,1,1,1
15667,San Luis de Gaceno,1,0,1,0,0,0,1,0,1,1,0,2,2,3,0,0,0,0,0,0,0,1,1,2,0,2,2,4
15681,San Pablo de Borbur,5,0,5,1,0,1,6,0,0,0,0,1,1,1,0,0,0,0,0,0,0,5,0,5,1,1,2,7
15693,Santa Rosa de Viterbo,2,0,2,0,0,0,2,0,0,0,0,1,1,1,0,0,0,0,0,0,0,2,0,2,0,1,1,3
15686,Santana,0,0,0,0,0,0,0,0,1,1,0,1,1,2,0,0,0,0,1,1,1,0,1,1,0,2,2,3
15757,Socha,0,0,0,0,0,0,0,0,1,1,0,0,0,1,0,0,0,0,0,0,0,0,1,1,0,0,0,1
15755,Socotá,0,0,0,0,0,0,0,0,0,0,0,3,3,3,0,0,0,0,0,0,0,0,0,0,0,3,3,3
15759,Sogamoso,12,0,12,17,0,17,29,0,28,28,0,40,40,68,0,5,5,0,6,6,11,12,33,45,17,46,63,108
15762,Sora,0,0,0,0,0,0,0,0,0,0,0,1,1,1,0,0,0,0,0,0,0,0,0,0,0,1,1,1
15764,Soracá,2,0,2,4,0,4,6,0,3,3,0,3,3,6,0,0,0,0,0,0,0,2,3,5,4,3,7,12
15763,Sotaquirá,1,0,1,0,0,0,1,0,3,3,0,3,3,6,0,0,0,0,0,0,0,1,3,4,0,3,3,7
15778,Sutatenza,0,0,0,0,0,0,0,0,0,0,0,1,1,1,0,0,0,0,1,1,1,0,0,0,0,2,2,2
15804,Tibaná,0,0,0,0,0,0,0,0,1,1,0,0,0,1,0,0,0,0,0,0,0,0,1,1,0,0,0,1
15806,Tibasosa,0,0,0,0,0,0,0,0,1,1,0,1,1,2,0,0,0,0,0,0,0,0,1,1,0,1,1,2
15814,Toca,0,0,0,0,0,0,0,0,1,1,0,0,0,1,0,0,0,0,0,0,0,0,1,1,0,0,0,1
15816,Togüí,0,0,0,1,0,1,1,0,0,0,0,1,1,1,0,0,0,0,0,0,0,0,0,0,1,1,2,2
15820,Tópaga,0,0,0,1,0,1,1,0,0,0,0,0,0,0,0,0,0,0,0,0,0,0,0,0,1,0,1,1
15001,Tunja,27,0,27,31,0,31,58,0,58,58,0,99,99,157,0,5,5,0,5,5,10,27,63,90,31,104,135,225
15837,Tuta,0,0,0,0,0,0,0,0,0,0,0,2,2,2,0,0,0,0,0,0,0,0,0,0,0,2,2,2
15842,Úmbita,0,0,0,1,0,1,1,0,0,0,0,0,0,0,0,0,0,0,0,0,0,0,0,0,1,0,1,1
15407,Villa de Leyva,0,0,0,1,0,1,1,0,3,3,0,1,1,4,0,0,0,0,0,0,0,0,3,3,1,1,2,5
15879,Viracachá,1,0,1,0,0,0,1,0,0,0,0,0,0,0,0,0,0,0,0,0,0,1,0,1,0,0,0,1
17,Caldas,14,0,14,43,0,43,57,0,32,32,0,51,51,83,0,1,1,0,2,2,3,14,33,47,43,53,96,143
17013,Aguadas,0,0,0,0,0,0,0,0,2,2,0,0,0,2,0,0,0,0,0,0,0,0,2,2,0,0,0,2
17042,Anserma,2,0,2,1,0,1,3,0,4,4,0,7,7,11,0,0,0,0,0,0,0,2,4,6,1,7,8,14
17050,Aranzazu,1,0,1,1,0,1,2,0,1,1,0,0,0,1,0,0,0,0,0,0,0,1,1,2,1,0,1,3
17088,Belalcázar,0,0,0,0,0,0,0,0,1,1,0,0,0,1,0,0,0,0,0,0,0,0,1,1,0,0,0,1
17174,Chinchiná,0,0,0,1,0,1,1,0,1,1,0,3,3,4,0,0,0,0,0,0,0,0,1,1,1,3,4,5
17380,La Dorada,1,0,1,6,0,6,7,0,2,2,0,5,5,7,0,0,0,0,0,0,0,1,2,3,6,5,11,14
17001,Manizales,7,0,7,26,0,26,33,0,13,13,0,22,22,35,0,1,1,0,1,1,2,7,14,21,26,23,49,70
17495,Norcasia,0,0,0,1,0,1,1,0,0,0,0,0,0,0,0,0,0,0,0,0,0,0,0,0,1,0,1,1
17524,Palestina,0,0,0,1,0,1,1,0,0,0,0,3,3,3,0,0,0,0,0,0,0,0,0,0,1,3,4,4
17541,Pensilvania,0,0,0,0,0,0,0,0,2,2,0,0,0,2,0,0,0,0,0,0,0,0,2,2,0,0,0,2
17614,Riosucio,0,0,0,0,0,0,0,0,1,1,0,1,1,2,0,0,0,0,0,0,0,0,1,1,0,1,1,2
17616,Risaralda,1,0,1,1,0,1,2,0,0,0,0,0,0,0,0,0,0,0,0,0,0,1,0,1,1,0,1,2
17653,Salamina,1,0,1,2,0,2,3,0,3,3,0,0,0,3,0,0,0,0,1,1,1,1,3,4,2,1,3,7
17777,Supía,1,0,1,0,0,0,1,0,0,0,0,5,5,5,0,0,0,0,0,0,0,1,0,1,0,5,5,6
17867,Victoria,0,0,0,0,0,0,0,0,0,0,0,1,1,1,0,0,0,0,0,0,0,0,0,0,0,1,1,1
17873,Villamaría,0,0,0,3,0,3,3,0,2,2,0,4,4,6,0,0,0,0,0,0,0,0,2,2,3,4,7,9
18,Caquetá,4,0,4,14,0,14,18,0,9,9,0,33,33,42,0,1,1,0,2,2,3,4,10,14,14,35,49,63
18150,Cartagena del Chairá,0,0,0,1,0,1,1,0,0,0,0,0,0,0,0,0,0,0,0,0,0,0,0,0,1,0,1,1
18001,Florencia,4,0,4,7,0,7,11,0,5,5,0,22,22,27,0,1,1,0,2,2,3,4,6,10,7,24,31,41
18410,La Montañita,0,0,0,0,0,0,0,0,1,1,0,0,0,1,0,0,0,0,0,0,0,0,1,1,0,0,0,1
18460,Milán,0,0,0,2,0,2,2,0,0,0,0,0,0,0,0,0,0,0,0,0,0,0,0,0,2,0,2,2
18592,Puerto Rico,0,0,0,1,0,1,1,0,0,0,0,0,0,0,0,0,0,0,0,0,0,0,0,0,1,0,1,1
18610,San José del Fragua,0,0,0,0,0,0,0,0,1,1,0,2,2,3,0,0,0,0,0,0,0,0,1,1,0,2,2,3
18753,San Vicente del Caguán,0,0,0,3,0,3,3,0,1,1,0,9,9,10,0,0,0,0,0,0,0,0,1,1,3,9,12,13
18860,Valparaíso,0,0,0,0,0,0,0,0,1,1,0,0,0,1,0,0,0,0,0,0,0,0,1,1,0,0,0,1
85,Casanare,84,0,84,81,0,81,165,0,54,54,0,109,109,163,0,4,4,0,9,9,13,84,58,142,81,118,199,341
85010,Aguazul,7,0,7,13,0,13,20,0,3,3,0,12,12,15,0,0,0,0,0,0,0,7,3,10,13,12,25,35
85125,Hato Corozal,2,0,2,1,0,1,3,0,0,0,0,4,4,4,0,0,0,0,1,1,1,2,0,2,1,5,6,8
85139,Maní,3,0,3,8,0,8,11,0,1,1,0,4,4,5,0,0,0,0,0,0,0,3,1,4,8,4,12,16
85162,Monterrey,5,0,5,4,0,4,9,0,1,1,0,4,4,5,0,1,1,0,0,0,1,5,2,7,4,4,8,15
85225,Nunchía,1,0,1,0,0,0,1,0,0,0,0,1,1,1,0,0,0,0,0,0,0,1,0,1,0,1,1,2
85230,Orocué,0,0,0,1,0,1,1,0,0,0,0,0,0,0,0,0,0,0,0,0,0,0,0,0,1,0,1,1
85250,Paz de Ariporo,5,0,5,7,0,7,12,0,2,2,0,6,6,8,0,1,1,0,1,1,2,5,3,8,7,7,14,22
85263,Pore,5,0,5,1,0,1,6,0,6,6,0,3,3,9,0,0,0,0,0,0,0,5,6,11,1,3,4,15
85300,Sabanalarga,0,0,0,0,0,0,0,0,0,0,0,2,2,2,0,0,0,0,1,1,1,0,0,0,0,3,3,3
85315,Sácama,0,0,0,0,0,0,0,0,0,0,0,1,1,1,0,0,0,0,0,0,0,0,0,0,0,1,1,1
85400,Támara,2,0,2,0,0,0,2,0,2,2,0,1,1,3,0,0,0,0,0,0,0,2,2,4,0,1,1,5
85410,Tauramena,16,0,16,14,0,14,30,0,2,2,0,5,5,7,0,0,0,0,1,1,1,16,2,18,14,6,20,38
85430,Trinidad,0,0,0,1,0,1,1,0,1,1,0,0,0,1,0,0,0,0,0,0,0,0,1,1,1,0,1,2
85440,Villanueva,1,0,1,2,0,2,3,0,0,0,0,0,0,0,0,0,0,0,0,0,0,1,0,1,2,0,2,3
85001,Yopal,37,0,37,29,0,29,66,0,36,36,0,66,66,102,0,2,2,0,5,5,7,37,38,75,29,71,100,175
19,Cauca,37,0,37,37,0,37,74,0,53,53,0,141,141,194,0,18,18,0,22,22,40,37,71,108,37,163,200,308
19022,Almaguer,0,0,0,2,0,2,2,0,0,0,0,1,1,1,0,0,0,0,0,0,0,0,0,0,2,1,3,3
19100,Bolívar,0,0,0,1,0,1,1,0,1,1,0,2,2,3,0,0,0,0,0,0,0,0,1,1,1,2,3,4
19130,Cajibío,0,0,0,0,0,0,0,0,0,0,0,1,1,1,0,0,0,0,0,0,0,0,0,0,0,1,1,1
19137,Caldono,0,0,0,0,0,0,0,0,0,0,0,0,0,0,0,0,0,0,1,1,1,0,0,0,0,1,1,1
19142,Caloto,2,0,2,0,0,0,2,0,2,2,0,4,4,6,0,0,0,0,1,1,1,2,2,4,0,5,5,9
19256,El Tambo,3,0,3,0,0,0,3,0,1,1,0,3,3,4,0,0,0,0,0,0,0,3,1,4,0,3,3,7
19290,Florencia,1,0,1,0,0,0,1,0,0,0,0,0,0,0,0,0,0,0,0,0,0,1,0,1,0,0,0,1
19318,Guapí,1,0,1,1,0,1,2,0,0,0,0,0,0,0,0,0,0,0,0,0,0,1,0,1,1,0,1,2
19392,La Sierra,1,0,1,0,0,0,1,0,2,2,0,0,0,2,0,0,0,0,1,1,1,1,2,3,0,1,1,4
19397,La Vega,0,0,0,0,0,0,0,0,0,0,0,1,1,1,0,0,0,0,0,0,0,0,0,0,0,1,1,1
19450,Mercaderes,0,0,0,0,0,0,0,0,0,0,0,1,1,1,0,0,0,0,0,0,0,0,0,0,0,1,1,1
19455,Miranda,1,0,1,0,0,0,1,0,1,1,0,1,1,2,0,1,1,0,0,0,1,1,2,3,0,1,1,4
19473,Morales,0,0,0,0,0,0,0,0,0,0,0,1,1,1,0,0,0,0,0,0,0,0,0,0,0,1,1,1
19513,Padilla,0,0,0,0,0,0,0,0,0,0,0,1,1,1,0,0,0,0,0,0,0,0,0,0,0,1,1,1
19517,Páez,0,0,0,0,0,0,0,0,0,0,0,2,2,2,0,0,0,0,0,0,0,0,0,0,0,2,2,2
19532,Patía,0,0,0,1,0,1,1,0,1,1,0,3,3,4,0,0,0,0,1,1,1,0,1,1,1,4,5,6
19001,Popayán,21,0,21,25,0,25,46,0,33,33,0,101,101,134,0,13,13,0,16,16,29,21,46,67,25,117,142,209
19573,Puerto Tejada,0,0,0,1,0,1,1,0,0,0,0,1,1,1,0,2,2,0,0,0,2,0,2,2,1,1,2,4
19585,Puracé,0,0,0,0,0,0,0,0,1,1,0,1,1,2,0,0,0,0,0,0,0,0,1,1,0,1,1,2
19693,San Sebastián,0,0,0,1,0,1,1,0,0,0,0,0,0,0,0,0,0,0,0,0,0,0,0,0,1,0,1,1
19698,Santander de Quilichao,3,0,3,3,0,3,6,0,8,8,0,12,12,20,0,0,0,0,0,0,0,3,8,11,3,12,15,26
19743,Silvia,2,0,2,0,0,0,2,0,0,0,0,3,3,3,0,0,0,0,0,0,0,2,0,2,0,3,3,5
19760,Sotara,0,0,0,1,0,1,1,0,0,0,0,0,0,0,0,0,0,0,0,0,0,0,0,0,1,0,1,1
19780,Suárez,0,0,0,0,0,0,0,0,0,0,0,0,0,0,0,1,1,0,0,0,1,0,1,1,0,0,0,1
19785,Sucre,0,0,0,0,0,0,0,0,0,0,0,1,1,1,0,0,0,0,0,0,0,0,0,0,0,1,1,1
19807,Timbío,1,0,1,0,0,0,1,0,2,2,0,0,0,2,0,1,1,0,0,0,1,1,3,4,0,0,0,4
19809,Timbiquí,0,0,0,0,0,0,0,0,1,1,0,0,0,1,0,0,0,0,0,0,0,0,1,1,0,0,0,1
19824,Totoró,0,0,0,1,0,1,1,0,0,0,0,0,0,0,0,0,0,0,0,0,0,0,0,0,1,0,1,1
19845,Villa Rica,1,0,1,0,0,0,1,0,0,0,0,1,1,1,0,0,0,0,2,2,2,1,0,1,0,3,3,4
20,Cesar,26,0,26,39,0,39,65,0,45,45,0,96,96,141,0,3,3,0,7,7,10,26,48,74,39,103,142,216
20011,Aguachica,5,0,5,11,0,11,16,0,5,5,0,10,10,15,0,0,0,0,1,1,1,5,5,10,11,11,22,32
20013,Agustín Codazzi,0,0,0,0,0,0,0,0,1,1,0,2,2,3,0,0,0,0,0,0,0,0,1,1,0,2,2,3
20032,Astrea,0,0,0,0,0,0,0,0,0,0,0,1,1,1,0,0,0,0,0,0,0,0,0,0,0,1,1,1
20060,Bosconia,0,0,0,0,0,0,0,0,1,1,0,1,1,2,0,0,0,0,0,0,0,0,1,1,0,1,1,2
20175,Chimichagua,2,0,2,0,0,0,2,0,0,0,0,0,0,0,0,0,0,0,0,0,0,2,0,2,0,0,0,2
20178,Chiriguaná,3,0,3,1,0,1,4,0,0,0,0,5,5,5,0,0,0,0,0,0,0,3,0,3,1,5,6,9
20228,Curumaní,0,0,0,0,0,0,0,0,0,0,0,1,1,1,0,0,0,0,0,0,0,0,0,0,0,1,1,1
20250,El Paso,0,0,0,0,0,0,0,0,1,1,0,1,1,2,0,0,0,0,0,0,0,0,1,1,0,1,1,2
20400,La Jagua de Ibirico,1,0,1,3,0,3,4,0,0,0,0,4,4,4,0,0,0,0,0,0,0,1,0,1,3,4,7,8
20621,La Paz,1,0,1,0,0,0,1,0,0,0,0,3,3,3,0,0,0,0,0,0,0,1,0,1,0,3,3,4
20443,Manaure Balcón del Cesar,0,0,0,2,0,2,2,0,0,0,0,0,0,0,0,0,0,0,0,0,0,0,0,0,2,0,2,2
20517,Pailitas,0,0,0,0,0,0,0,0,1,1,0,0,0,1,0,0,0,0,0,0,0,0,1,1,0,0,0,1
20614,Río de Oro,0,0,0,1,0,1,1,0,1,1,0,4,4,5,0,0,0,0,0,0,0,0,1,1,1,4,5,6
20710,San Alberto,0,0,0,0,0,0,0,0,0,0,0,1,1,1,0,0,0,0,0,0,0,0,0,0,0,1,1,1
20001,Valledupar,14,0,14,21,0,21,35,0,35,35,0,63,63,98,0,3,3,0,6,6,9,14,38,52,21,69,90,142
27,Chocó,2,0,2,7,0,7,9,0,5,5,0,17,17,22,0,0,0,0,1,1,1,2,5,7,7,18,25,32
27006,Acandí,0,0,0,1,0,1,1,0,0,0,0,1,1,1,0,0,0,0,0,0,0,0,0,0,1,1,2,2
27205,Condoto,0,0,0,1,0,1,1,0,0,0,0,0,0,0,0,0,0,0,1,1,1,0,0,0,1,1,2,2
27361,Istmina,0,0,0,0,0,0,0,0,1,1,0,1,1,2,0,0,0,0,0,0,0,0,1,1,0,1,1,2
27001,Quibdó,2,0,2,5,0,5,7,0,4,4,0,15,15,19,0,0,0,0,0,0,0,2,4,6,5,15,20,26
23,Córdoba,5,0,5,17,0,17,22,0,14,14,0,43,43,57,0,8,8,0,7,7,15,5,22,27,17,50,67,94
23162,Cereté,0,0,0,1,0,1,1,0,1,1,0,1,1,2,0,0,0,0,0,0,0,0,1,1,1,1,2,3
23182,Chinú,0,0,0,0,0,0,0,0,0,0,0,2,2,2,0,0,0,0,0,0,0,0,0,0,0,2,2,2
23350,La Apartada,0,0,0,2,0,2,2,0,1,1,0,0,0,1,0,0,0,0,0,0,0,0,1,1,2,0,2,3
23417,Lorica,0,0,0,1,0,1,1,0,0,0,0,0,0,0,0,0,0,0,0,0,0,0,0,0,1,0,1,1
23464,Momil,0,0,0,0,0,0,0,0,0,0,0,0,0,0,0,1,1,0,0,0,1,0,1,1,0,0,0,1
23466,Montelíbano,0,0,0,3,0,3,3,0,0,0,0,1,1,1,0,0,0,0,0,0,0,0,0,0,3,1,4,4
23001,Montería,3,0,3,5,0,5,8,0,6,6,0,22,22,28,0,5,5,0,6,6,11,3,11,14,5,28,33,47
23555,Planeta Rica,1,0,1,0,0,0,1,0,0,0,0,4,4,4,0,1,1,0,0,0,1,1,1,2,0,4,4,6
23570,Pueblo Nuevo,0,0,0,0,0,0,0,0,0,0,0,2,2,2,0,0,0,0,0,0,0,0,0,0,0,2,2,2
23660,Sahagún,1,0,1,3,0,3,4,0,1,1,0,8,8,9,0,1,1,0,1,1,2,1,2,3,3,9,12,15
23670,San Andrés de Sotavento,0,0,0,0,0,0,0,0,1,1,0,1,1,2,0,0,0,0,0,0,0,0,1,1,0,1,1,2
23672,San Antero,0,0,0,0,0,0,0,0,3,3,0,1,1,4,0,0,0,0,0,0,0,0,3,3,0,1,1,4
23678,San Carlos,0,0,0,1,0,1,1,0,0,0,0,0,0,0,0,0,0,0,0,0,0,0,0,0,1,0,1,1
23682,San José de Uré,0,0,0,1,0,1,1,0,0,0,0,0,0,0,0,0,0,0,0,0,0,0,0,0,1,0,1,1
23686,San Pelayo,0,0,0,0,0,0,0,0,1,1,0,1,1,2,0,0,0,0,0,0,0,0,1,1,0,1,1,2
25,Cundinamarca,225,0,225,229,0,229,454,0,324,324,0,527,527,851,0,54,54,0,61,61,115,225,378,603,229,588,817,1420
25001,Agua de Dios,0,0,0,0,0,0,0,0,0,0,0,1,1,1,0,0,0,0,0,0,0,0,0,0,0,1,1,1
25019,Albán,1,0,1,0,0,0,1,0,1,1,0,1,1,2,0,0,0,0,0,0,0,1,1,2,0,1,1,3
25035,Anapoima,7,0,7,3,0,3,10,0,7,7,0,7,7,14,0,2,2,0,3,3,5,7,9,16,3,10,13,29
25040,Anolaima,0,0,0,0,0,0,0,0,0,0,0,1,1,1,0,1,1,0,0,0,1,0,1,1,0,1,1,2
25599,Apulo,0,0,0,0,0,0,0,0,4,4,0,0,0,4,0,0,0,0,0,0,0,0,4,4,0,0,0,4
25053,Arbeláez,0,0,0,0,0,0,0,0,1,1,0,0,0,1,0,0,0,0,0,0,0,0,1,1,0,0,0,1
25086,Beltrán,0,0,0,0,0,0,0,0,1,1,0,0,0,1,0,0,0,0,0,0,0,0,1,1,0,0,0,1
25095,Bituima,1,0,1,0,0,0,1,0,1,1,0,0,0,1,0,0,0,0,0,0,0,1,1,2,0,0,0,2
25099,Bojacá,0,0,0,0,0,0,0,0,1,1,0,1,1,2,0,0,0,0,0,0,0,0,1,1,0,1,1,2
25123,Cachipay,0,0,0,3,0,3,3,0,3,3,0,9,9,12,0,0,0,0,0,0,0,0,3,3,3,9,12,15
25126,Cajicá,19,0,19,11,0,11,30,0,9,9,0,16,16,25,0,2,2,0,4,4,6,19,11,30,11,20,31,61
25148,Caparrapí,1,0,1,1,0,1,2,0,3,3,0,2,2,5,0,1,1,0,0,0,1,1,4,5,1,2,3,8
25151,Cáqueza,8,0,8,7,0,7,15,0,8,8,0,9,9,17,0,0,0,0,1,1,1,8,8,16,7,10,17,33
25154,Carmen de Carupa,1,0,1,1,0,1,2,0,2,2,0,6,6,8,0,0,0,0,1,1,1,1,2,3,1,7,8,11
25168,Chaguaní,0,0,0,1,0,1,1,0,0,0,0,1,1,1,0,0,0,0,0,0,0,0,0,0,1,1,2,2
25175,Chía,15,0,15,14,0,14,29,0,24,24,0,33,33,57,0,3,3,0,2,2,5,15,27,42,14,35,49,91
25178,Chipaque,6,0,6,1,0,1,7,0,5,5,0,3,3,8,0,0,0,0,0,0,0,6,5,11,1,3,4,15
25181,Choachí,4,0,4,1,0,1,5,0,1,1,0,5,5,6,0,1,1,0,0,0,1,4,2,6,1,5,6,12
25183,Chocontá,4,0,4,3,0,3,7,0,5,5,0,7,7,12,0,2,2,0,3,3,5,4,7,11,3,10,13,24
25200,Cogua,0,0,0,0,0,0,0,0,1,1,0,1,1,2,0,1,1,0,1,1,2,0,2,2,0,2,2,4
25214,Cota,0,0,0,1,0,1,1,0,0,0,0,3,3,3,0,1,1,0,0,0,1,0,1,1,1,3,4,5
25224,Cucunubá,1,0,1,0,0,0,1,0,4,4,0,1,1,5,0,1,1,0,0,0,1,1,5,6,0,1,1,7
25245,El Colegio,3,0,3,2,0,2,5,0,3,3,0,8,8,11,0,2,2,0,1,1,3,3,5,8,2,9,11,19
25269,Facatativá,20,0,20,19,0,19,39,0,17,17,0,30,30,47,0,2,2,0,4,4,6,20,19,39,19,34,53,92
25279,Fómeque,0,0,0,0,0,0,0,0,2,2,0,2,2,4,0,0,0,0,1,1,1,0,2,2,0,3,3,5
25281,Fosca,0,0,0,2,0,2,2,0,0,0,0,1,1,1,0,0,0,0,0,0,0,0,0,0,2,1,3,3
25286,Funza,0,0,0,1,0,1,1,0,1,1,0,4,4,5,0,0,0,0,0,0,0,0,1,1,1,4,5,6
25290,Fusagasugá,10,0,10,11,0,11,21,0,10,10,0,34,34,44,0,3,3,0,11,11,14,10,13,23,11,45,56,79
25295,Gachancipá,3,0,3,3,0,3,6,0,3,3,0,4,4,7,0,0,0,0,0,0,0,3,3,6,3,4,7,13
25297,Gachetá,0,0,0,0,0,0,0,0,0,0,0,0,0,0,0,0,0,0,1,1,1,0,0,0,0,1,1,1
25307,Girardot,7,0,7,14,0,14,21,0,12,12,0,29,29,41,0,4,4,0,5,5,9,7,16,23,14,34,48,71
25317,Guachetá,2,0,2,3,0,3,5,0,4,4,0,3,3,7,0,0,0,0,0,0,0,2,4,6,3,3,6,12
25320,Guaduas,6,0,6,7,0,7,13,0,6,6,0,12,12,18,0,0,0,0,2,2,2,6,6,12,7,14,21,33
25322,Guasca,1,0,1,2,0,2,3,0,2,2,0,0,0,2,0,0,0,0,0,0,0,1,2,3,2,0,2,5
25326,Guatavita,0,0,0,2,0,2,2,0,2,2,0,6,6,8,0,0,0,0,0,0,0,0,2,2,2,6,8,10
25328,Guayabal de Síquima,0,0,0,3,0,3,3,0,3,3,0,1,1,4,0,0,0,0,0,0,0,0,3,3,3,1,4,7
25335,Guayabetal,1,0,1,1,0,1,2,0,1,1,0,2,2,3,0,0,0,0,0,0,0,1,1,2,1,2,3,5
25339,Gutiérrez,0,0,0,2,0,2,2,0,3,3,0,4,4,7,0,0,0,0,1,1,1,0,3,3,2,5,7,10
25377,La Calera,0,0,0,0,0,0,0,0,3,3,0,4,4,7,0,0,0,0,0,0,0,0,3,3,0,4,4,7
25386,La Mesa,3,0,3,2,0,2,5,0,17,17,0,14,14,31,0,4,4,0,2,2,6,3,21,24,2,16,18,42
25394,La Palma,0,0,0,2,0,2,2,0,1,1,0,1,1,2,0,0,0,0,1,1,1,0,1,1,2,2,4,5
25398,La Peña,2,0,2,0,0,0,2,0,2,2,0,0,0,2,0,1,1,0,0,0,1,2,3,5,0,0,0,5
25402,La Vega,1,0,1,3,0,3,4,0,1,1,0,1,1,2,0,0,0,0,0,0,0,1,1,2,3,1,4,6
25407,Lenguazaque,1,0,1,1,0,1,2,0,3,3,0,3,3,6,0,0,0,0,0,0,0,1,3,4,1,3,4,8
25426,Machetá,0,0,0,0,0,0,0,0,0,0,0,1,1,1,0,0,0,0,0,0,0,0,0,0,0,1,1,1
25430,Madrid,2,0,2,4,0,4,6,0,2,2,0,2,2,4,0,0,0,0,0,0,0,2,2,4,4,2,6,10
25436,Manta,0,0,0,0,0,0,0,0,0,0,0,1,1,1,0,0,0,0,0,0,0,0,0,0,0,1,1,1
25438,Medina,1,0,1,2,0,2,3,0,3,3,0,4,4,7,0,0,0,0,1,1,1,1,3,4,2,5,7,11
25473,Mosquera,1,0,1,2,0,2,3,0,2,2,0,2,2,4,0,1,1,0,1,1,2,1,3,4,2,3,5,9
25486,Nemocón,1,0,1,1,0,1,2,0,0,0,0,1,1,1,0,1,1,0,0,0,1,1,1,2,1,1,2,4
25489,Nimaima,2,0,2,0,0,0,2,0,0,0,0,1,1,1,0,0,0,0,0,0,0,2,0,2,0,1,1,3
25513,Pacho,0,0,0,1,0,1,1,0,1,1,0,0,0,1,0,0,0,0,1,1,1,0,1,1,1,1,2,3
25524,Pandi,0,0,0,1,0,1,1,0,2,2,0,1,1,3,0,0,0,0,0,0,0,0,2,2,1,1,2,4
25530,Paratebueno,0,0,0,0,0,0,0,0,0,0,0,2,2,2,0,0,0,0,0,0,0,0,0,0,0,2,2,2
25535,Pasca,0,0,0,2,0,2,2,0,0,0,0,0,0,0,0,0,0,0,0,0,0,0,0,0,2,0,2,2
25572,Puerto Salgar,1,0,1,0,0,0,1,0,2,2,0,3,3,5,0,0,0,0,0,0,0,1,2,3,0,3,3,6
25592,Quebradanegra,2,0,2,2,0,2,4,0,1,1,0,2,2,3,0,0,0,0,0,0,0,2,1,3,2,2,4,7
25594,Quetame,1,0,1,1,0,1,2,0,0,0,0,4,4,4,0,1,1,0,0,0,1,1,1,2,1,4,5,7
25596,Quipile,0,0,0,0,0,0,0,0,0,0,0,1,1,1,0,0,0,0,0,0,0,0,0,0,0,1,1,1
25612,Ricaurte,0,0,0,1,0,1,1,0,0,0,0,3,3,3,0,0,0,0,0,0,0,0,0,0,1,3,4,4
25645,San Antonio del Tequendama,3,0,3,2,0,2,5,0,2,2,0,3,3,5,0,1,1,0,1,1,2,3,3,6,2,4,6,12
25658,San Francisco,3,0,3,4,0,4,7,0,6,6,0,13,13,19,0,0,0,0,0,0,0,3,6,9,4,13,17,26
25662,San Juan de Rioseco,0,0,0,0,0,0,0,0,0,0,0,1,1,1,0,0,0,0,0,0,0,0,0,0,0,1,1,1
25718,Sasaima,2,0,2,2,0,2,4,0,0,0,0,1,1,1,0,0,0,0,0,0,0,2,0,2,2,1,3,5
25736,Sesquilé,3,0,3,2,0,2,5,0,1,1,0,4,4,5,0,0,0,0,0,0,0,3,1,4,2,4,6,10
25740,Sibaté,4,0,4,3,0,3,7,0,5,5,0,9,9,14,0,0,0,0,0,0,0,4,5,9,3,9,12,21
25743,Silvania,0,0,0,0,0,0,0,0,1,1,0,0,0,1,0,0,0,0,0,0,0,0,1,1,0,0,0,1
25745,Simijaca,1,0,1,0,0,0,1,0,0,0,0,2,2,2,0,0,0,0,0,0,0,1,0,1,0,2,2,3
25754,Soacha,40,0,40,29,0,29,69,0,53,53,0,84,84,137,0,11,11,0,5,5,16,40,64,104,29,89,118,222
25769,Subachoque,0,0,0,0,0,0,0,0,0,0,0,1,1,1,0,0,0,0,0,0,0,0,0,0,0,1,1,1
25772,Suesca,2,0,2,1,0,1,3,0,1,1,0,6,6,7,0,0,0,0,0,0,0,2,1,3,1,6,7,10
25779,Susa,0,0,0,0,0,0,0,0,0,0,0,3,3,3,0,0,0,0,0,0,0,0,0,0,0,3,3,3
25781,Sutatausa,1,0,1,0,0,0,1,0,0,0,0,0,0,0,0,0,0,0,0,0,0,1,0,1,0,0,0,1
25793,Tausa,0,0,0,1,0,1,1,0,0,0,0,1,1,1,0,0,0,0,0,0,0,0,0,0,1,1,2,2
25797,Tena,1,0,1,1,0,1,2,0,3,3,0,3,3,6,0,0,0,0,2,2,2,1,3,4,1,5,6,10
25799,Tenjo,1,0,1,0,0,0,1,0,0,0,0,0,0,0,0,0,0,0,0,0,0,1,0,1,0,0,0,1
25805,Tibacuy,0,0,0,0,0,0,0,0,0,0,0,1,1,1,0,0,0,0,0,0,0,0,0,0,0,1,1,1
25807,Tibirita,1,0,1,1,0,1,2,0,1,1,0,1,1,2,0,0,0,0,0,0,0,1,1,2,1,1,2,4
25815,Tocaima,1,0,1,1,0,1,2,0,2,2,0,0,0,2,0,0,0,0,0,0,0,1,2,3,1,0,1,4
25823,Topaipí,0,0,0,1,0,1,1,0,0,0,0,0,0,0,0,0,0,0,0,0,0,0,0,0,1,0,1,1
25839,Ubalá,0,0,0,1,0,1,1,0,0,0,0,0,0,0,0,0,0,0,0,0,0,0,0,0,1,0,1,1
25841,Ubaque,3,0,3,9,0,9,12,0,8,8,0,8,8,16,0,3,3,0,0,0,3,3,11,14,9,8,17,31
25851,Útica,0,0,0,2,0,2,2,0,0,0,0,3,3,3,0,0,0,0,0,0,0,0,0,0,2,3,5,5
25862,Vergara,5,0,5,4,0,4,9,0,5,5,0,2,2,7,0,0,0,0,0,0,0,5,5,10,4,2,6,16
25843,Villa de San Diego de Ubaté,6,0,6,6,0,6,12,0,17,17,0,19,19,36,0,1,1,0,2,2,3,6,18,24,6,21,27,51
25873,Villapinzón,1,0,1,3,0,3,4,0,8,8,0,8,8,16,0,0,0,0,0,0,0,1,8,9,3,8,11,20
25875,Villeta,2,0,2,7,0,7,9,0,3,3,0,6,6,9,0,0,0,0,1,1,1,2,3,5,7,7,14,19
25878,Viotá,1,0,1,1,0,1,2,0,3,3,0,6,6,9,0,1,1,0,2,2,3,1,4,5,1,8,9,14
25885,Yacopí,0,0,0,0,0,0,0,0,0,0,0,1,1,1,0,0,0,0,0,0,0,0,0,0,0,1,1,1
25898,Zipacón,1,0,1,0,0,0,1,0,0,0,0,0,0,0,0,0,0,0,0,0,0,1,0,1,0,0,0,1
25899,Zipaquirá,4,0,4,4,0,4,8,0,15,15,0,43,43,58,0,3,3,0,1,1,4,4,18,22,4,44,48,70
94,Guainía,1,0,1,6,0,6,7,0,5,5,0,5,5,10,0,0,0,0,0,0,0,1,5,6,6,5,11,17
94001,Inírida,1,0,1,6,0,6,7,0,5,5,0,5,5,10,0,0,0,0,0,0,0,1,5,6,6,5,11,17
95,Guaviare,3,0,3,1,0,1,4,0,1,1,0,4,4,5,0,1,1,0,1,1,2,3,2,5,1,5,6,11
95200,Miraflores,1,0,1,0,0,0,1,0,0,0,0,1,1,1,0,0,0,0,0,0,0,1,0,1,0,1,1,2
95001,San José del Guaviare,2,0,2,1,0,1,3,0,1,1,0,3,3,4,0,1,1,0,1,1,2,2,2,4,1,4,5,9
41,Huila,39,0,39,55,0,55,94,0,88,88,0,148,148,236,0,13,13,0,17,17,30,39,101,140,55,165,220,360
41006,Acevedo,1,0,1,0,0,0,1,0,5,5,0,4,4,9,0,1,1,0,0,0,1,1,6,7,0,4,4,11
41020,Algeciras,0,0,0,2,0,2,2,0,2,2,0,1,1,3,0,0,0,0,1,1,1,0,2,2,2,2,4,6
41026,Altamira,0,0,0,0,0,0,0,0,2,2,0,0,0,2,0,0,0,0,0,0,0,0,2,2,0,0,0,2
41132,Campoalegre,2,0,2,2,0,2,4,0,1,1,0,3,3,4,0,0,0,0,0,0,0,2,1,3,2,3,5,8
41206,Colombia,0,0,0,2,0,2,2,0,2,2,0,3,3,5,0,0,0,0,0,0,0,0,2,2,2,3,5,7
41298,Garzón,2,0,2,1,0,1,3,0,1,1,0,0,0,1,0,0,0,0,1,1,1,2,1,3,1,1,2,5
41357,Íquira,0,0,0,0,0,0,0,0,0,0,0,1,1,1,0,0,0,0,0,0,0,0,0,0,0,1,1,1
41359,Isnos,4,0,4,10,0,10,14,0,1,1,0,9,9,10,0,1,1,0,2,2,3,4,2,6,10,11,21,27
41396,La Plata,2,0,2,0,0,0,2,0,3,3,0,4,4,7,0,2,2,0,1,1,3,2,5,7,0,5,5,12
41483,Nátaga,0,0,0,0,0,0,0,0,0,0,0,1,1,1,0,0,0,0,0,0,0,0,0,0,0,1,1,1
41001,Neiva,19,0,19,21,0,21,40,0,34,34,0,82,82,116,0,4,4,0,10,10,14,19,38,57,21,92,113,170
41503,Oporapa,0,0,0,0,0,0,0,0,0,0,0,1,1,1,0,0,0,0,0,0,0,0,0,0,0,1,1,1
41524,Palermo,0,0,0,0,0,0,0,0,0,0,0,1,1,1,0,0,0,0,0,0,0,0,0,0,0,1,1,1
41530,Palestina,0,0,0,0,0,0,0,0,2,2,0,0,0,2,0,0,0,0,0,0,0,0,2,2,0,0,0,2
41551,Pitalito,3,0,3,6,0,6,9,0,20,20,0,29,29,49,0,2,2,0,1,1,3,3,22,25,6,30,36,61
41615,Rivera,5,0,5,2,0,2,7,0,1,1,0,3,3,4,0,2,2,0,1,1,3,5,3,8,2,4,6,14
41668,San Agustín,0,0,0,2,0,2,2,0,5,5,0,2,2,7,0,1,1,0,0,0,1,0,6,6,2,2,4,10
41676,Santa María,0,0,0,1,0,1,1,0,1,1,0,0,0,1,0,0,0,0,0,0,0,0,1,1,1,0,1,2
41770,Suaza,0,0,0,1,0,1,1,0,0,0,0,0,0,0,0,0,0,0,0,0,0,0,0,0,1,0,1,1
41801,Teruel,0,0,0,0,0,0,0,0,1,1,0,0,0,1,0,0,0,0,0,0,0,0,1,1,0,0,0,1
41807,Timaná,0,0,0,1,0,1,1,0,2,2,0,2,2,4,0,0,0,0,0,0,0,0,2,2,1,2,3,5
41885,Yaguará,1,0,1,4,0,4,5,0,5,5,0,2,2,7,0,0,0,0,0,0,0,1,5,6,4,2,6,12
44,La Guajira,16,0,16,15,0,15,31,0,30,30,0,47,47,77,0,7,7,0,5,5,12,16,37,53,15,52,67,120
44078,Barrancas,2,0,2,2,0,2,4,0,0,0,0,1,1,1,0,0,0,0,0,0,0,2,0,2,2,1,3,5
44090,Dibulla,1,0,1,1,0,1,2,0,3,3,0,2,2,5,0,1,1,0,0,0,1,1,4,5,1,2,3,8
44098,Distracción,0,0,0,2,0,2,2,0,1,1,0,1,1,2,0,0,0,0,0,0,0,0,1,1,2,1,3,4
44110,El Molino,0,0,0,0,0,0,0,0,0,0,0,1,1,1,0,0,0,0,0,0,0,0,0,0,0,1,1,1
44279,Fonseca,2,0,2,0,0,0,2,0,3,3,0,2,2,5,0,0,0,0,0,0,0,2,3,5,0,2,2,7
44378,Hatonuevo,0,0,0,1,0,1,1,0,2,2,0,0,0,2,0,0,0,0,0,0,0,0,2,2,1,0,1,3
44430,Maicao,4,0,4,1,0,1,5,0,2,2,0,8,8,10,0,1,1,0,1,1,2,4,3,7,1,9,10,17
44001,Riohacha,7,0,7,8,0,8,15,0,15,15,0,29,29,44,0,5,5,0,3,3,8,7,20,27,8,32,40,67
44650,San Juan del Cesar,0,0,0,0,0,0,0,0,1,1,0,1,1,2,0,0,0,0,1,1,1,0,1,1,0,2,2,3
44855,Urumita,0,0,0,0,0,0,0,0,0,0,0,2,2,2,0,0,0,0,0,0,0,0,0,0,0,2,2,2
44874,Villanueva,0,0,0,0,0,0,0,0,3,3,0,0,0,3,0,0,0,0,0,0,0,0,3,3,0,0,0,3
47,Magdalena,45,0,45,33,0,33,78,0,77,77,0,122,122,199,0,14,14,0,22,22,36,45,91,136,33,144,177,313
47030,Algarrobo,0,0,0,0,0,0,0,0,0,0,0,1,1,1,0,0,0,0,0,0,0,0,0,0,0,1,1,1
47053,Aracataca,0,0,0,0,0,0,0,0,2,2,0,2,2,4,0,0,0,0,0,0,0,0,2,2,0,2,2,4
47189,Ciénaga,14,0,14,3,0,3,17,0,7,7,0,14,14,21,0,4,4,0,1,1,5,14,11,25,3,15,18,43
47245,El Banco,1,0,1,2,0,2,3,0,1,1,0,8,8,9,0,0,0,0,1,1,1,1,1,2,2,9,11,13
47268,El Retén,0,0,0,0,0,0,0,0,1,1,0,0,0,1,0,0,0,0,0,0,0,0,1,1,0,0,0,1
47288,Fundación,1,0,1,1,0,1,2,0,1,1,0,7,7,8,0,1,1,0,0,0,1,1,2,3,1,7,8,11
47318,Guamal,0,0,0,0,0,0,0,0,1,1,0,0,0,1,0,0,0,0,0,0,0,0,1,1,0,0,0,1
47460,Nueva Granada,1,0,1,0,0,0,1,0,0,0,0,0,0,0,0,0,0,0,0,0,0,1,0,1,0,0,0,1
47551,Pivijay,1,0,1,0,0,0,1,0,1,1,0,0,0,1,0,0,0,0,0,0,0,1,1,2,0,0,0,2
47555,Plato,5,0,5,2,0,2,7,0,4,4,0,2,2,6,0,2,2,0,0,0,2,5,6,11,2,2,4,15
47570,Puebloviejo,0,0,0,0,0,0,0,0,4,4,0,1,1,5,0,0,0,0,0,0,0,0,4,4,0,1,1,5
47675,Salamina,0,0,0,1,0,1,1,0,0,0,0,0,0,0,0,0,0,0,0,0,0,0,0,0,1,0,1,1
47001,Santa Marta,21,0,21,24,0,24,45,0,50,50,0,78,78,128,0,4,4,0,20,20,24,21,54,75,24,98,122,197
47745,Sitionuevo,0,0,0,0,0,0,0,0,2,2,0,6,6,8,0,1,1,0,0,0,1,0,3,3,0,6,6,9
47798,Tenerife,0,0,0,0,0,0,0,0,1,1,0,0,0,1,0,0,0,0,0,0,0,0,1,1,0,0,0,1
47980,Zona Bananera,1,0,1,0,0,0,1,0,2,2,0,3,3,5,0,2,2,0,0,0,2,1,4,5,0,3,3,8
50,Meta,118,0,118,137,0,137,255,0,92,92,0,178,178,270,0,17,17,0,12,12,29,118,109,227,137,190,327,554
50006,Acacías,8,0,8,11,0,11,19,0,14,14,0,7,7,21,0,2,2,0,1,1,3,8,16,24,11,8,19,43
50110,Barranca de Upía,4,0,4,4,0,4,8,0,1,1,0,3,3,4,0,0,0,0,1,1,1,4,1,5,4,4,8,13
50124,Cabuyaro,0,0,0,0,0,0,0,0,1,1,0,0,0,1,0,0,0,0,0,0,0,0,1,1,0,0,0,1
50226,Cumaral,1,0,1,3,0,3,4,0,2,2,0,3,3,5,0,0,0,0,0,0,0,1,2,3,3,3,6,9
50251,El Castillo,1,0,1,2,0,2,3,0,0,0,0,1,1,1,0,0,0,0,0,0,0,1,0,1,2,1,3,4
50270,El Dorado,0,0,0,0,0,0,0,0,1,1,0,0,0,1,0,0,0,0,0,0,0,0,1,1,0,0,0,1
50287,Fuente de Oro,0,0,0,1,0,1,1,0,0,0,0,0,0,0,0,0,0,0,0,0,0,0,0,0,1,0,1,1
50313,Granada,1,0,1,3,0,3,4,0,1,1,0,2,2,3,0,0,0,0,0,0,0,1,1,2,3,2,5,7
50350,La Macarena,0,0,0,1,0,1,1,0,1,1,0,0,0,1,0,0,0,0,0,0,0,0,1,1,1,0,1,2
50400,Lejanías,2,0,2,1,0,1,3,0,1,1,0,4,4,5,0,1,1,0,0,0,1,2,2,4,1,4,5,9
50325,Mapiripán,2,0,2,1,0,1,3,0,1,1,0,0,0,1,0,0,0,0,0,0,0,2,1,3,1,0,1,4
50330,Mesetas,0,0,0,1,0,1,1,0,3,3,0,3,3,6,0,0,0,0,0,0,0,0,3,3,1,3,4,7
50568,Puerto Gaitán,1,0,1,1,0,1,2,0,0,0,0,3,3,3,0,0,0,0,0,0,0,1,0,1,1,3,4,5
50577,Puerto Lleras,0,0,0,0,0,0,0,0,1,1,0,1,1,2,0,1,1,0,1,1,2,0,2,2,0,2,2,4
50573,Puerto López,5,0,5,11,0,11,16,0,3,3,0,6,6,9,0,0,0,0,0,0,0,5,3,8,11,6,17,25
50606,Restrepo,3,0,3,5,0,5,8,0,0,0,0,3,3,3,0,0,0,0,0,0,0,3,0,3,5,3,8,11
50680,San Carlos de Guaroa,1,0,1,2,0,2,3,0,2,2,0,4,4,6,0,1,1,0,0,0,1,1,3,4,2,4,6,10
50683,San Juan de Arama,3,0,3,0,0,0,3,0,0,0,0,0,0,0,0,0,0,0,0,0,0,3,0,3,0,0,0,3
50689,San Martín,1,0,1,5,0,5,6,0,2,2,0,2,2,4,0,0,0,0,1,1,1,1,2,3,5,3,8,11
50001,Villavicencio,84,0,84,83,0,83,167,0,58,58,0,134,134,192,0,12,12,0,8,8,20,84,70,154,83,142,225,379
50711,Vistahermosa,1,0,1,2,0,2,3,0,0,0,0,2,2,2,0,0,0,0,0,0,0,1,0,1,2,2,4,5
52,Nariño,27,0,27,26,0,26,53,0,62,62,0,115,115,177,0,11,11,0,15,15,26,27,73,100,26,130,156,256
52022,Aldana,0,0,0,0,0,0,0,0,0,0,0,1,1,1,0,0,0,0,0,0,0,0,0,0,0,1,1,1
52051,Arboleda,0,0,0,1,0,1,1,0,0,0,0,0,0,0,0,0,0,0,0,0,0,0,0,0,1,0,1,1
52240,Chachagüí,0,0,0,0,0,0,0,0,3,3,0,0,0,3,0,0,0,0,1,1,1,0,3,3,0,1,1,4
52227,Cumbal,0,0,0,0,0,0,0,0,1,1,0,0,0,1,0,0,0,0,0,0,0,0,1,1,0,0,0,1
52254,El Peñol,0,0,0,1,0,1,1,0,0,0,0,0,0,0,0,0,0,0,0,0,0,0,0,0,1,0,1,1
52260,El Tambo,0,0,0,0,0,0,0,0,2,2,0,1,1,3,0,0,0,0,0,0,0,0,2,2,0,1,1,3
52520,Francisco Pizarro,0,0,0,0,0,0,0,0,0,0,0,2,2,2,0,0,0,0,0,0,0,0,0,0,0,2,2,2
52354,Imués,0,0,0,0,0,0,0,0,0,0,0,1,1,1,0,0,0,0,0,0,0,0,0,0,0,1,1,1
52356,Ipiales,4,0,4,2,0,2,6,0,11,11,0,27,27,38,0,1,1,0,2,2,3,4,12,16,2,29,31,47
52381,La Florida,0,0,0,0,0,0,0,0,0,0,0,2,2,2,0,0,0,0,0,0,0,0,0,0,0,2,2,2
52399,La Unión,0,0,0,1,0,1,1,0,0,0,0,0,0,0,0,0,0,0,0,0,0,0,0,0,1,0,1,1
52435,Mallama,0,0,0,0,0,0,0,0,1,1,0,2,2,3,0,1,1,0,0,0,1,0,2,2,0,2,2,4
52506,Ospina,0,0,0,0,0,0,0,0,0,0,0,1,1,1,0,0,0,0,0,0,0,0,0,0,0,1,1,1
52001,Pasto,13,0,13,13,0,13,26,0,35,35,0,64,64,99,0,9,9,0,10,10,19,13,44,57,13,74,87,144
52573,Puerres,0,0,0,0,0,0,0,0,0,0,0,1,1,1,0,0,0,0,0,0,0,0,0,0,0,1,1,1
52585,Pupiales,0,0,0,0,0,0,0,0,0,0,0,0,0,0,0,0,0,0,1,1,1,0,0,0,0,1,1,1
52612,Ricaurte,0,0,0,0,0,0,0,0,1,1,0,0,0,1,0,0,0,0,0,0,0,0,1,1,0,0,0,1
52835,San Andrés de Tumaco,7,0,7,8,0,8,15,0,1,1,0,8,8,9,0,0,0,0,1,1,1,7,1,8,8,9,17,25
52683,Sandoná,0,0,0,0,0,0,0,0,1,1,0,0,0,1,0,0,0,0,0,0,0,0,1,1,0,0,0,1
52788,Tangua,2,0,2,0,0,0,2,0,1,1,0,4,4,5,0,0,0,0,0,0,0,2,1,3,0,4,4,7
52838,Túquerres,1,0,1,0,0,0,1,0,5,5,0,1,1,6,0,0,0,0,0,0,0,1,5,6,0,1,1,7
54,Norte de Santander,50,0,50,56,0,56,106,0,77,77,0,158,158,235,0,16,16,0,23,23,39,50,93,143,56,181,237,380
54003,Ábrego,1,0,1,2,0,2,3,0,0,0,0,0,0,0,0,0,0,0,0,0,0,1,0,1,2,0,2,3
54051,Arboledas,0,0,0,0,0,0,0,0,2,2,0,0,0,2,0,0,0,0,0,0,0,0,2,2,0,0,0,2
54099,Bochalema,1,0,1,0,0,0,1,0,2,2,0,1,1,3,0,0,0,0,0,0,0,1,2,3,0,1,1,4
54128,Cáchira,0,0,0,0,0,0,0,0,0,0,0,1,1,1,0,0,0,0,0,0,0,0,0,0,0,1,1,1
54172,Chinácota,1,0,1,0,0,0,1,0,1,1,0,2,2,3,0,0,0,0,1,1,1,1,1,2,0,3,3,5
54174,Chitagá,0,0,0,1,0,1,1,0,1,1,0,1,1,2,0,0,0,0,0,0,0,0,1,1,1,1,2,3
54001,Cúcuta,27,0,27,39,0,39,66,0,37,37,0,95,95,132,0,11,11,0,13,13,24,27,48,75,39,108,147,222
54239,Durania,0,0,0,0,0,0,0,0,1,1,0,1,1,2,0,0,0,0,0,0,0,0,1,1,0,1,1,2
54245,El Carmen,0,0,0,0,0,0,0,0,0,0,0,1,1,1,0,0,0,0,0,0,0,0,0,0,0,1,1,1
54261,El Zulia,0,0,0,0,0,0,0,0,3,3,0,0,0,3,0,0,0,0,0,0,0,0,3,3,0,0,0,3
54347,Herrán,0,0,0,1,0,1,1,0,0,0,0,0,0,0,0,0,0,0,0,0,0,0,0,0,1,0,1,1
54385,La Esperanza,1,0,1,1,0,1,2,0,0,0,0,1,1,1,0,0,0,0,0,0,0,1,0,1,1,1,2,3
54398,La Playa,0,0,0,0,0,0,0,0,1,1,0,1,1,2,0,1,1,0,0,0,1,0,2,2,0,1,1,3
54377,Labateca,0,0,0,0,0,0,0,0,0,0,0,1,1,1,0,0,0,0,1,1,1,0,0,0,0,2,2,2
54405,Los Patios,4,0,4,2,0,2,6,0,10,10,0,7,7,17,0,0,0,0,0,0,0,4,10,14,2,7,9,23
54480,Mutiscua,0,0,0,1,0,1,1,0,0,0,0,1,1,1,0,0,0,0,0,0,0,0,0,0,1,1,2,2
54498,Ocaña,6,0,6,1,0,1,7,0,5,5,0,13,13,18,0,1,1,0,4,4,5,6,6,12,1,17,18,30
54518,Pamplona,2,0,2,5,0,5,7,0,8,8,0,19,19,27,0,1,1,0,2,2,3,2,9,11,5,21,26,37
54520,Pamplonita,0,0,0,1,0,1,1,0,0,0,0,0,0,0,0,0,0,0,0,0,0,0,0,0,1,0,1,1
54599,Ragonvalia,0,0,0,0,0,0,0,0,1,1,0,3,3,4,0,0,0,0,0,0,0,0,1,1,0,3,3,4
54680,Santiago,0,0,0,0,0,0,0,0,1,1,0,0,0,1,0,1,1,0,0,0,1,0,2,2,0,0,0,2
54743,Silos,1,0,1,0,0,0,1,0,0,0,0,1,1,1,0,0,0,0,0,0,0,1,0,1,0,1,1,2
54820,Toledo,1,0,1,0,0,0,1,0,1,1,0,3,3,4,0,0,0,0,0,0,0,1,1,2,0,3,3,5
54874,Villa del Rosario,5,0,5,2,0,2,7,0,3,3,0,6,6,9,0,1,1,0,2,2,3,5,4,9,2,8,10,19
86,Putumayo,12,0,12,24,0,24,36,0,17,17,0,38,38,55,0,2,2,0,2,2,4,12,19,31,24,40,64,95
86001,Mocoa,1,0,1,2,0,2,3,0,6,6,0,9,9,15,0,0,0,0,0,0,0,1,6,7,2,9,11,18
86320,Orito,0,0,0,2,0,2,2,0,2,2,0,5,5,7,0,0,0,0,0,0,0,0,2,2,2,5,7,9
86568,Puerto Asís,6,0,6,9,0,9,15,0,8,8,0,17,17,25,0,0,0,0,1,1,1,6,8,14,9,18,27,41
86569,Puerto Caicedo,1,0,1,4,0,4,5,0,0,0,0,0,0,0,0,0,0,0,0,0,0,1,0,1,4,0,4,5
86573,Puerto Leguízamo,2,0,2,2,0,2,4,0,0,0,0,3,3,3,0,0,0,0,0,0,0,2,0,2,2,3,5,7
86865,Valle del Guamuez,2,0,2,2,0,2,4,0,1,1,0,3,3,4,0,1,1,0,0,0,1,2,2,4,2,3,5,9
86885,Villagarzón,0,0,0,3,0,3,3,0,0,0,0,1,1,1,0,1,1,0,1,1,2,0,1,1,3,2,5,6
63,Quindío,16,0,16,35,0,35,51,0,47,47,0,94,94,141,0,8,8,0,14,14,22,16,55,71,35,108,143,214
63001,Armenia,9,0,9,15,0,15,24,0,29,29,0,68,68,97,0,4,4,0,7,7,11,9,33,42,15,75,90,132
63111,Buenavista,0,0,0,0,0,0,0,0,0,0,0,1,1,1,0,0,0,0,0,0,0,0,0,0,0,1,1,1
63130,Calarcá,1,0,1,11,0,11,12,0,5,5,0,8,8,13,0,2,2,0,1,1,3,1,7,8,11,9,20,28
63190,Circasia,2,0,2,3,0,3,5,0,3,3,0,2,2,5,0,1,1,0,2,2,3,2,4,6,3,4,7,13
63272,Filandia,0,0,0,0,0,0,0,0,0,0,0,2,2,2,0,0,0,0,0,0,0,0,0,0,0,2,2,2
63401,La Tebaida,2,0,2,1,0,1,3,0,3,3,0,3,3,6,0,0,0,0,2,2,2,2,3,5,1,5,6,11
63470,Montenegro,2,0,2,3,0,3,5,0,3,3,0,3,3,6,0,0,0,0,0,0,0,2,3,5,3,3,6,11
63548,Pijao,0,0,0,1,0,1,1,0,0,0,0,0,0,0,0,0,0,0,0,0,0,0,0,0,1,0,1,1
63594,Quimbaya,0,0,0,1,0,1,1,0,3,3,0,5,5,8,0,1,1,0,1,1,2,0,4,4,1,6,7,11
63690,Salento,0,0,0,0,0,0,0,0,1,1,0,2,2,3,0,0,0,0,1,1,1,0,1,1,0,3,3,4
66,Risaralda,32,0,32,45,0,45,77,0,40,40,0,88,88,128,0,10,10,0,16,16,26,32,50,82,45,104,149,231
66045,Apía,4,0,4,4,0,4,8,0,2,2,0,5,5,7,0,1,1,0,1,1,2,4,3,7,4,6,10,17
66088,Belén de Umbría,0,0,0,1,0,1,1,0,1,1,0,0,0,1,0,0,0,0,0,0,0,0,1,1,1,0,1,2
66170,Dosquebradas,5,0,5,8,0,8,13,0,8,8,0,15,15,23,0,3,3,0,3,3,6,5,11,16,8,18,26,42
66400,La Virginia,1,0,1,1,0,1,2,0,2,2,0,0,0,2,0,0,0,0,1,1,1,1,2,3,1,1,2,5
66440,Marsella,2,0,2,1,0,1,3,0,0,0,0,7,7,7,0,0,0,0,0,0,0,2,0,2,1,7,8,10
66456,Mistrató,0,0,0,0,0,0,0,0,2,2,0,0,0,2,0,0,0,0,0,0,0,0,2,2,0,0,0,2
66001,Pereira,19,0,19,29,0,29,48,0,23,23,0,55,55,78,0,5,5,0,9,9,14,19,28,47,29,64,93,140
66594,Quinchía,0,0,0,0,0,0,0,0,0,0,0,1,1,1,0,0,0,0,0,0,0,0,0,0,0,1,1,1
66682,Santa Rosa de Cabal,0,0,0,0,0,0,0,0,2,2,0,5,5,7,0,1,1,0,2,2,3,0,3,3,0,7,7,10
66687,Santuario,1,0,1,1,0,1,2,0,0,0,0,0,0,0,0,0,0,0,0,0,0,1,0,1,1,0,1,2
68,Santander,111,0,111,124,0,124,235,0,196,196,0,350,350,546,0,32,32,0,31,31,63,111,228,339,124,381,505,844
68077,Barbosa,4,0,4,2,0,2,6,0,4,4,0,1,1,5,0,1,1,0,0,0,1,4,5,9,2,1,3,12
68079,Barichara,0,0,0,0,0,0,0,0,1,1,0,0,0,1,0,0,0,0,0,0,0,0,1,1,0,0,0,1
68081,Barrancabermeja,11,0,11,16,0,16,27,0,23,23,0,56,56,79,0,2,2,0,5,5,7,11,25,36,16,61,77,113
68101,Bolívar,0,0,0,0,0,0,0,0,3,3,0,1,1,4,0,0,0,0,1,1,1,0,3,3,0,2,2,5
68001,Bucaramanga,27,0,27,33,0,33,60,0,55,55,0,94,94,149,0,11,11,0,6,6,17,27,66,93,33,100,133,226
68132,California,1,0,1,0,0,0,1,0,2,2,0,0,0,2,0,0,0,0,0,0,0,1,2,3,0,0,0,3
68147,Capitanejo,4,0,4,2,0,2,6,0,1,1,0,2,2,3,0,0,0,0,0,0,0,4,1,5,2,2,4,9
68152,Carcasí,0,0,0,0,0,0,0,0,1,1,0,3,3,4,0,0,0,0,0,0,0,0,1,1,0,3,3,4
68162,Cerrito,0,0,0,3,0,3,3,0,2,2,0,3,3,5,0,1,1,0,0,0,1,0,3,3,3,3,6,9
68167,Charalá,0,0,0,0,0,0,0,0,2,2,0,1,1,3,0,0,0,0,1,1,1,0,2,2,0,2,2,4
68179,Chipatá,0,0,0,0,0,0,0,0,1,1,0,0,0,1,0,0,0,0,0,0,0,0,1,1,0,0,0,1
68190,Cimitarra,2,0,2,2,0,2,4,0,4,4,0,15,15,19,0,0,0,0,0,0,0,2,4,6,2,15,17,23
68217,Coromoro,0,0,0,1,0,1,1,0,4,4,0,3,3,7,0,0,0,0,0,0,0,0,4,4,1,3,4,8
68229,Curití,0,0,0,0,0,0,0,0,1,1,0,0,0,1,0,0,0,0,0,0,0,0,1,1,0,0,0,1
68235,El Carmen de Chucurí,2,0,2,2,0,2,4,0,0,0,0,6,6,6,0,0,0,0,0,0,0,2,0,2,2,6,8,10
68250,El Peñón,1,0,1,1,0,1,2,0,1,1,0,0,0,1,0,0,0,0,0,0,0,1,1,2,1,0,1,3
68255,El Playón,2,0,2,0,0,0,2,0,0,0,0,0,0,0,0,0,0,0,0,0,0,2,0,2,0,0,0,2
68271,Florián,0,0,0,0,0,0,0,0,0,0,0,1,1,1,0,0,0,0,0,0,0,0,0,0,0,1,1,1
68276,Floridablanca,21,0,21,14,0,14,35,0,26,26,0,44,44,70,0,6,6,0,5,5,11,21,32,53,14,49,63,116
68296,Galán,0,0,0,0,0,0,0,0,0,0,0,1,1,1,0,0,0,0,0,0,0,0,0,0,0,1,1,1
68298,Gámbita,1,0,1,0,0,0,1,0,0,0,0,1,1,1,0,0,0,0,0,0,0,1,0,1,0,1,1,2
68307,Girón,7,0,7,2,0,2,9,0,20,20,0,37,37,57,0,2,2,0,3,3,5,7,22,29,2,40,42,71
68318,Guaca,0,0,0,0,0,0,0,0,0,0,0,2,2,2,0,1,1,0,0,0,1,0,1,1,0,2,2,3
68320,Guadalupe,3,0,3,2,0,2,5,0,0,0,0,4,4,4,0,0,0,0,0,0,0,3,0,3,2,4,6,9
68327,Güepsa,1,0,1,2,0,2,3,0,3,3,0,5,5,8,0,0,0,0,0,0,0,1,3,4,2,5,7,11
68368,Jesús María,0,0,0,0,0,0,0,0,1,1,0,0,0,1,0,0,0,0,0,0,0,0,1,1,0,0,0,1
68377,La Belleza,0,0,0,1,0,1,1,0,0,0,0,1,1,1,0,0,0,0,0,0,0,0,0,0,1,1,2,2
68397,La Paz,1,0,1,0,0,0,1,0,0,0,0,2,2,2,0,0,0,0,0,0,0,1,0,1,0,2,2,3
68385,Landázuri,0,0,0,1,0,1,1,0,1,1,0,1,1,2,0,0,0,0,1,1,1,0,1,1,1,2,3,4
68406,Lebrija,2,0,2,0,0,0,2,0,4,4,0,5,5,9,0,0,0,0,1,1,1,2,4,6,0,6,6,12
68432,Málaga,1,0,1,1,0,1,2,0,0,0,0,0,0,0,0,0,0,0,0,0,0,1,0,1,1,0,1,2
68444,Matanza,1,0,1,1,0,1,2,0,0,0,0,1,1,1,0,0,0,0,1,1,1,1,0,1,1,2,3,4
68464,Mogotes,0,0,0,1,0,1,1,0,1,1,0,1,1,2,0,0,0,0,1,1,1,0,1,1,1,2,3,4
68498,Ocamonte,0,0,0,0,0,0,0,0,0,0,0,1,1,1,0,0,0,0,0,0,0,0,0,0,0,1,1,1
68502,Onzaga,0,0,0,0,0,0,0,0,2,2,0,1,1,3,0,1,1,0,0,0,1,0,3,3,0,1,1,4
68533,Páramo,0,0,0,0,0,0,0,0,2,2,0,0,0,2,0,0,0,0,0,0,0,0,2,2,0,0,0,2
68547,Piedecuesta,5,0,5,4,0,4,9,0,9,9,0,22,22,31,0,2,2,0,1,1,3,5,11,16,4,23,27,43
68572,Puente Nacional,0,0,0,4,0,4,4,0,1,1,0,3,3,4,0,0,0,0,0,0,0,0,1,1,4,3,7,8
68573,Puerto Parra,0,0,0,1,0,1,1,0,0,0,0,1,1,1,0,0,0,0,0,0,0,0,0,0,1,1,2,2
68575,Puerto Wilches,4,0,4,6,0,6,10,0,1,1,0,7,7,8,0,0,0,0,1,1,1,4,1,5,6,8,14,19
68615,Rionegro,0,0,0,2,0,2,2,0,3,3,0,1,1,4,0,1,1,0,1,1,2,0,4,4,2,2,4,8
68655,Sabana de Torres,1,0,1,1,0,1,2,0,1,1,0,1,1,2,0,0,0,0,0,0,0,1,1,2,1,1,2,4
68679,San Gil,1,0,1,1,0,1,2,0,5,5,0,8,8,13,0,1,1,0,1,1,2,1,6,7,1,9,10,17
68684,San José de Miranda,0,0,0,0,0,0,0,0,0,0,0,2,2,2,0,0,0,0,0,0,0,0,0,0,0,2,2,2
68689,San Vicente de Chucurí,5,0,5,3,0,3,8,0,0,0,0,4,4,4,0,1,1,0,0,0,1,5,1,6,3,4,7,13
68745,Simacota,0,0,0,0,0,0,0,0,0,0,0,1,1,1,0,0,0,0,0,0,0,0,0,0,0,1,1,1
68770,Suaita,3,0,3,7,0,7,10,0,4,4,0,3,3,7,0,2,2,0,0,0,2,3,6,9,7,3,10,19
68820,Tona,0,0,0,0,0,0,0,0,1,1,0,0,0,1,0,0,0,0,0,0,0,0,1,1,0,0,0,1
68861,Vélez,0,0,0,8,0,8,8,0,6,6,0,4,4,10,0,0,0,0,2,2,2,0,6,6,8,6,14,20
70,Sucre,9,0,9,10,0,10,19,0,12,12,0,37,37,49,0,9,9,0,1,1,10,9,21,30,10,38,48,78
70215,Corozal,2,0,2,1,0,1,3,0,1,1,0,3,3,4,0,1,1,0,0,0,1,2,2,4,1,3,4,8
70233,El Roble,0,0,0,0,0,0,0,0,0,0,0,0,0,0,0,2,2,0,0,0,2,0,2,2,0,0,0,2
70235,Galeras,0,0,0,0,0,0,0,0,0,0,0,1,1,1,0,0,0,0,0,0,0,0,0,0,0,1,1,1
70418,Los Palmitos,0,0,0,0,0,0,0,0,0,0,0,2,2,2,0,0,0,0,0,0,0,0,0,0,0,2,2,2
70473,Morroa,0,0,0,0,0,0,0,0,0,0,0,1,1,1,0,0,0,0,0,0,0,0,0,0,0,1,1,1
70508,Ovejas,0,0,0,0,0,0,0,0,0,0,0,1,1,1,0,2,2,0,0,0,2,0,2,2,0,1,1,3
70523,Palmito,0,0,0,0,0,0,0,0,0,0,0,1,1,1,0,0,0,0,0,0,0,0,0,0,0,1,1,1
70670,Sampués,0,0,0,0,0,0,0,0,0,0,0,2,2,2,0,0,0,0,0,0,0,0,0,0,0,2,2,2
70678,San Benito Abad,0,0,0,0,0,0,0,0,1,1,0,0,0,1,0,0,0,0,0,0,0,0,1,1,0,0,0,1
70742,San Luis de Sincé,1,0,1,0,0,0,1,0,0,0,0,2,2,2,0,0,0,0,0,0,0,1,0,1,0,2,2,3
70713,San Onofre,1,0,1,0,0,0,1,0,0,0,0,0,0,0,0,0,0,0,0,0,0,1,0,1,0,0,0,1
70820,Santiago de Tolú,1,0,1,4,0,4,5,0,1,1,0,2,2,3,0,1,1,0,0,0,1,1,2,3,4,2,6,9
70001,Sincelejo,4,0,4,5,0,5,9,0,8,8,0,22,22,30,0,3,3,0,1,1,4,4,11,15,5,23,28,43
70823,Tolú Viejo,0,0,0,0,0,0,0,0,1,1,0,0,0,1,0,0,0,0,0,0,0,0,1,1,0,0,0,1
73,Tolima,99,0,99,114,0,114,213,0,144,144,0,238,238,382,0,32,32,0,27,27,59,99,176,275,114,265,379,654
73024,Alpujarra,0,0,0,1,0,1,1,0,1,1,0,0,0,1,0,0,0,0,0,0,0,0,1,1,1,0,1,2
73026,Alvarado,2,0,2,1,0,1,3,0,0,0,0,2,2,2,0,0,0,0,0,0,0,2,0,2,1,2,3,5
73030,Ambalema,0,0,0,1,0,1,1,0,0,0,0,4,4,4,0,0,0,0,0,0,0,0,0,0,1,4,5,5
73043,Anzoátegui,1,0,1,3,0,3,4,0,0,0,0,0,0,0,0,0,0,0,0,0,0,1,0,1,3,0,3,4
73055,Armero Guayabal,1,0,1,2,0,2,3,0,2,2,0,0,0,2,0,0,0,0,0,0,0,1,2,3,2,0,2,5
73067,Ataco,0,0,0,0,0,0,0,0,0,0,0,1,1,1,0,0,0,0,0,0,0,0,0,0,0,1,1,1
73124,Cajamarca,1,0,1,1,0,1,2,0,0,0,0,1,1,1,0,0,0,0,0,0,0,1,0,1,1,1,2,3
73148,Carmen de Apicalá,2,0,2,2,0,2,4,0,2,2,0,4,4,6,0,0,0,0,1,1,1,2,2,4,2,5,7,11
73152,Casabianca,0,0,0,0,0,0,0,0,0,0,0,0,0,0,0,1,1,0,0,0,1,0,1,1,0,0,0,1
73168,Chaparral,9,0,9,4,0,4,13,0,10,10,0,10,10,20,0,2,2,0,3,3,5,9,12,21,4,13,17,38
73200,Coello,0,0,0,0,0,0,0,0,0,0,0,1,1,1,0,1,1,0,0,0,1,0,1,1,0,1,1,2
73217,Coyaima,2,0,2,9,0,9,11,0,10,10,0,13,13,23,0,0,0,0,1,1,1,2,10,12,9,14,23,35
73226,Cunday,1,0,1,1,0,1,2,0,1,1,0,0,0,1,0,0,0,0,0,0,0,1,1,2,1,0,1,3
73236,Dolores,1,0,1,0,0,0,1,0,2,2,0,0,0,2,0,0,0,0,0,0,0,1,2,3,0,0,0,3
73268,Espinal,6,0,6,3,0,3,9,0,6,6,0,13,13,19,0,0,0,0,0,0,0,6,6,12,3,13,16,28
73270,Falan,0,0,0,0,0,0,0,0,1,1,0,1,1,2,0,1,1,0,0,0,1,0,2,2,0,1,1,3
73275,Flandes,1,0,1,1,0,1,2,0,3,3,0,2,2,5,0,0,0,0,0,0,0,1,3,4,1,2,3,7
73283,Fresno,6,0,6,4,0,4,10,0,1,1,0,0,0,1,0,0,0,0,1,1,1,6,1,7,4,1,5,12
73319,Guamo,0,0,0,2,0,2,2,0,7,7,0,9,9,16,0,2,2,0,1,1,3,0,9,9,2,10,12,21
73349,Honda,3,0,3,1,0,1,4,0,1,1,0,6,6,7,0,3,3,0,3,3,6,3,4,7,1,9,10,17
73001,Ibagué,37,0,37,43,0,43,80,0,51,51,0,104,104,155,0,15,15,0,14,14,29,37,66,103,43,118,161,264
73352,Icononzo,3,0,3,1,0,1,4,0,2,2,0,2,2,4,0,0,0,0,0,0,0,3,2,5,1,2,3,8
73408,Lérida,3,0,3,0,0,0,3,0,2,2,0,2,2,4,0,0,0,0,0,0,0,3,2,5,0,2,2,7
73411,Líbano,1,0,1,1,0,1,2,0,10,10,0,10,10,20,0,0,0,0,0,0,0,1,10,11,1,10,11,22
73449,Melgar,2,0,2,4,0,4,6,0,3,3,0,7,7,10,0,1,1,0,0,0,1,2,4,6,4,7,11,17
73461,Murillo,1,0,1,5,0,5,6,0,1,1,0,0,0,1,0,0,0,0,0,0,0,1,1,2,5,0,5,7
73483,Natagaima,0,0,0,0,0,0,0,0,5,5,0,7,7,12,0,0,0,0,0,0,0,0,5,5,0,7,7,12
73504,Ortega,1,0,1,3,0,3,4,0,2,2,0,7,7,9,0,1,1,0,0,0,1,1,3,4,3,7,10,14
73520,Palocabildo,0,0,0,1,0,1,1,0,0,0,0,3,3,3,0,0,0,0,0,0,0,0,0,0,1,3,4,4
73547,Piedras,0,0,0,0,0,0,0,0,1,1,0,0,0,1,0,0,0,0,0,0,0,0,1,1,0,0,0,1
73555,Planadas,2,0,2,5,0,5,7,0,0,0,0,4,4,4,0,2,2,0,0,0,2,2,2,4,5,4,9,13
73563,Prado,0,0,0,1,0,1,1,0,0,0,0,0,0,0,0,0,0,0,0,0,0,0,0,0,1,0,1,1
73585,Purificación,0,0,0,0,0,0,0,0,2,2,0,1,1,3,0,0,0,0,0,0,0,0,2,2,0,1,1,3
73616,Rioblanco,2,0,2,3,0,3,5,0,0,0,0,2,2,2,0,0,0,0,0,0,0,2,0,2,3,2,5,7
73624,Rovira,2,0,2,5,0,5,7,0,1,1,0,3,3,4,0,0,0,0,1,1,1,2,1,3,5,4,9,12
73671,Saldaña,2,0,2,2,0,2,4,0,3,3,0,2,2,5,0,0,0,0,0,0,0,2,3,5,2,2,4,9
73675,San Antonio,0,0,0,1,0,1,1,0,1,1,0,4,4,5,0,0,0,0,0,0,0,0,1,1,1,4,5,6
73678,San Luis,0,0,0,0,0,0,0,0,5,5,0,0,0,5,0,2,2,0,0,0,2,0,7,7,0,0,0,7
73443,San Sebastián de Mariquita,6,0,6,3,0,3,9,0,6,6,0,13,13,19,0,1,1,0,1,1,2,6,7,13,3,14,17,30
73686,Santa Isabel,1,0,1,0,0,0,1,0,0,0,0,0,0,0,0,0,0,0,0,0,0,1,0,1,0,0,0,1
73770,Suárez,0,0,0,0,0,0,0,0,1,1,0,0,0,1,0,0,0,0,0,0,0,0,1,1,0,0,0,1
73854,Valle de San Juan,0,0,0,0,0,0,0,0,0,0,0,0,0,0,0,0,0,0,1,1,1,0,0,0,0,1,1,1
73873,Villarrica,0,0,0,0,0,0,0,0,1,1,0,0,0,1,0,0,0,0,0,0,0,0,1,1,0,0,0,1
76,Valle del Cauca,89,0,89,96,0,96,185,0,156,156,0,366,366,522,0,42,42,0,58,58,100,89,198,287,96,424,520,807
76020,Alcalá,0,0,0,2,0,2,2,0,0,0,0,0,0,0,0,1,1,0,0,0,1,0,1,1,2,0,2,3
76036,Andalucía,0,0,0,0,0,0,0,0,0,0,0,1,1,1,0,0,0,0,0,0,0,0,0,0,0,1,1,1
76054,Argelia,0,0,0,0,0,0,0,0,0,0,0,0,0,0,0,1,1,0,0,0,1,0,1,1,0,0,0,1
76100,Bolívar,0,0,0,0,0,0,0,0,2,2,0,1,1,3,0,0,0,0,0,0,0,0,2,2,0,1,1,3
76109,Buenaventura,3,0,3,3,0,3,6,0,1,1,0,5,5,6,0,1,1,0,2,2,3,3,2,5,3,7,10,15
76113,Bugalagrande,0,0,0,0,0,0,0,0,2,2,0,0,0,2,0,0,0,0,0,0,0,0,2,2,0,0,0,2
76122,Caicedonia,2,0,2,8,0,8,10,0,0,0,0,3,3,3,0,2,2,0,1,1,3,2,2,4,8,4,12,16
76001,Cali,44,0,44,48,0,48,92,0,86,86,0,232,232,318,0,23,23,0,35,35,58,44,109,153,48,267,315,468
76126,Calima,0,0,0,1,0,1,1,0,1,1,0,0,0,1,0,0,0,0,0,0,0,0,1,1,1,0,1,2
76130,Candelaria,3,0,3,1,0,1,4,0,1,1,0,12,12,13,0,0,0,0,0,0,0,3,1,4,1,12,13,17
76147,Cartago,3,0,3,3,0,3,6,0,4,4,0,6,6,10,0,2,2,0,3,3,5,3,6,9,3,9,12,21
76233,Dagua,0,0,0,0,0,0,0,0,3,3,0,6,6,9,0,1,1,0,2,2,3,0,4,4,0,8,8,12
76248,El Cerrito,0,0,0,0,0,0,0,0,3,3,0,3,3,6,0,0,0,0,0,0,0,0,3,3,0,3,3,6
76275,Florida,0,0,0,2,0,2,2,0,1,1,0,1,1,2,0,0,0,0,0,0,0,0,1,1,2,1,3,4
76306,Ginebra,0,0,0,1,0,1,1,0,0,0,0,1,1,1,0,0,0,0,0,0,0,0,0,0,1,1,2,2
76318,Guacarí,1,0,1,0,0,0,1,0,2,2,0,6,6,8,0,0,0,0,0,0,0,1,2,3,0,6,6,9
76111,Guadalajara de Buga,3,0,3,4,0,4,7,0,12,12,0,13,13,25,0,2,2,0,4,4,6,3,14,17,4,17,21,38
76364,Jamundí,1,0,1,5,0,5,6,0,2,2,0,8,8,10,0,1,1,0,0,0,1,1,3,4,5,8,13,17
76377,La Cumbre,1,0,1,0,0,0,1,0,2,2,0,1,1,3,0,0,0,0,0,0,0,1,2,3,0,1,1,4
76403,La Victoria,0,0,0,0,0,0,0,0,1,1,0,0,0,1,0,1,1,0,0,0,1,0,2,2,0,0,0,2
76497,Obando,0,0,0,4,0,4,4,0,0,0,0,0,0,0,0,0,0,0,0,0,0,0,0,0,4,0,4,4
76520,Palmira,17,0,17,7,0,7,24,0,14,14,0,38,38,52,0,3,3,0,5,5,8,17,17,34,7,43,50,84
76563,Pradera,0,0,0,0,0,0,0,0,0,0,0,1,1,1,0,1,1,0,0,0,1,0,1,1,0,1,1,2
76606,Restrepo,0,0,0,0,0,0,0,0,2,2,0,0,0,2,0,0,0,0,0,0,0,0,2,2,0,0,0,2
76616,Riofrío,0,0,0,0,0,0,0,0,0,0,0,0,0,0,0,0,0,0,1,1,1,0,0,0,0,1,1,1
76622,Roldanillo,2,0,2,1,0,1,3,0,5,5,0,5,5,10,0,0,0,0,0,0,0,2,5,7,1,5,6,13
76670,San Pedro,0,0,0,1,0,1,1,0,0,0,0,1,1,1,0,0,0,0,0,0,0,0,0,0,1,1,2,2
76736,Sevilla,2,0,2,2,0,2,4,0,4,4,0,1,1,5,0,1,1,0,2,2,3,2,5,7,2,3,5,12
76828,Trujillo,0,0,0,0,0,0,0,0,0,0,0,1,1,1,0,0,0,0,0,0,0,0,0,0,0,1,1,1
76834,Tuluá,3,0,3,2,0,2,5,0,1,1,0,9,9,10,0,1,1,0,1,1,2,3,2,5,2,10,12,17
76863,Versalles,0,0,0,0,0,0,0,0,0,0,0,2,2,2,0,0,0,0,0,0,0,0,0,0,0,2,2,2
76890,Yotoco,0,0,0,0,0,0,0,0,0,0,0,1,1,1,0,0,0,0,0,0,0,0,0,0,0,1,1,1
76892,Yumbo,3,0,3,1,0,1,4,0,5,5,0,5,5,10,0,0,0,0,1,1,1,3,5,8,1,6,7,15
76895,Zarzal,1,0,1,0,0,0,1,0,2,2,0,3,3,5,0,1,1,0,1,1,2,1,3,4,0,4,4,8
97,Vaupés,1,0,1,3,0,3,4,0,8,8,0,5,5,13,0,0,0,0,0,0,0,1,8,9,3,5,8,17
97001,Mitú,1,0,1,3,0,3,4,0,8,8,0,5,5,13,0,0,0,0,0,0,0,1,8,9,3,5,8,17
99,Vichada,1,0,1,0,0,0,1,0,0,0,0,0,0,0,0,0,0,0,0,0,0,1,0,1,0,0,0,1
99773,Cumaribo,1,0,1,0,0,0,1,0,0,0,0,0,0,0,0,0,0,0,0,0,0,1,0,1,0,0,0,1
0,TOTAL,2392,0,2392,2677,0,2677,5069,0,3587,3587,0,6473,6473,10060,0,708,708,0,787,787,1495,2392,4295,6687,2677,7260,9937,16624
VIF: Violencia Intrafamiliar,,,,,,,,,,,,,,,,,,,,,,,,,,,,,
"Violencia contra niños, niñas y adolescentes: se incluyen los grupos de edad comprendidos entre los 00 a 17 años",,,,,,,,,,,,,,,,,,,,,,,,,,,,,
Violencia entre otros familiares: se incluyen los grupos de edad comprendidos entre los 18 a 59 años,,,,,,,,,,,,,,,,,,,,,,,,,,,,,
Violencia contra el adulto mayor: se incluyen los grupos de edad mayores de 60 años,,,,,,,,,,,,,,,,,,,,,,,,,,,,,
FUENTE: Instituto Nacional de Medicina Legal y Ciencias Forenses - INMLCF,,,,,,,,,,,,,,,,,,,,,,,,,,,,,
Grupo: Centro de Referencia Nacional sobre Violencia - GCRNV,,,,,,,,,,,,,,,,,,,,,,,,,,,,,
2020: Base: Sistema de Información de Clínica y Odontología Forense - SICLICO ,,,,,,,,,,,,,,,,,,,,,,,,,,,,,
